﻿{"data":[{"Properties":{"domain":"STREAMIO.HTB","name":"WINSOCKSERVICES@STREAMIO.HTB","distinguishedname":"CN=WINSOCKSERVICES,CN=SYSTEM,DC=STREAMIO,DC=HTB","domainsid":"S-1-5-21-1470860369-1569627196-4264678630","highvalue":false},"ChildObjects":[],"Aces":[{"PrincipalSID":"S-1-5-21-1470860369-1569627196-4264678630-512","PrincipalType":"Group","RightName":"Owns","IsInherited":false},{"PrincipalSID":"S-1-5-21-1470860369-1569627196-4264678630-512","PrincipalType":"Group","RightName":"WriteDacl","IsInherited":false},{"PrincipalSID":"S-1-5-21-1470860369-1569627196-4264678630-512","PrincipalType":"Group","RightName":"WriteOwner","IsInherited":false},{"PrincipalSID":"S-1-5-21-1470860369-1569627196-4264678630-519","PrincipalType":"Group","RightName":"GenericAll","IsInherited":true},{"PrincipalSID":"STREAMIO.HTB-S-1-5-32-544","PrincipalType":"Group","RightName":"WriteDacl","IsInherited":true},{"PrincipalSID":"STREAMIO.HTB-S-1-5-32-544","PrincipalType":"Group","RightName":"WriteOwner","IsInherited":true}],"ObjectIdentifier":"43D34850-102A-4F42-B28E-F615547BB2C2","IsDeleted":false,"IsACLProtected":false},{"Properties":{"domain":"STREAMIO.HTB","name":"RAS AND IAS SERVERS ACCESS CHECK@STREAMIO.HTB","distinguishedname":"CN=RAS AND IAS SERVERS ACCESS CHECK,CN=SYSTEM,DC=STREAMIO,DC=HTB","domainsid":"S-1-5-21-1470860369-1569627196-4264678630","highvalue":false},"ChildObjects":[],"Aces":[{"PrincipalSID":"S-1-5-21-1470860369-1569627196-4264678630-512","PrincipalType":"Group","RightName":"Owns","IsInherited":false},{"PrincipalSID":"S-1-5-21-1470860369-1569627196-4264678630-553","PrincipalType":"Group","RightName":"WriteDacl","IsInherited":false},{"PrincipalSID":"S-1-5-21-1470860369-1569627196-4264678630-553","PrincipalType":"Group","RightName":"WriteOwner","IsInherited":false},{"PrincipalSID":"S-1-5-21-1470860369-1569627196-4264678630-519","PrincipalType":"Group","RightName":"GenericAll","IsInherited":true},{"PrincipalSID":"STREAMIO.HTB-S-1-5-32-544","PrincipalType":"Group","RightName":"WriteDacl","IsInherited":true},{"PrincipalSID":"STREAMIO.HTB-S-1-5-32-544","PrincipalType":"Group","RightName":"WriteOwner","IsInherited":true}],"ObjectIdentifier":"0E4EA613-AA41-4CC9-A0D1-021376DB1F0A","IsDeleted":false,"IsACLProtected":false},{"Properties":{"domain":"STREAMIO.HTB","name":"SYSTEM@STREAMIO.HTB","distinguishedname":"CN=SYSTEM,DC=STREAMIO,DC=HTB","domainsid":"S-1-5-21-1470860369-1569627196-4264678630","highvalue":false},"ChildObjects":[],"Aces":[{"PrincipalSID":"S-1-5-21-1470860369-1569627196-4264678630-512","PrincipalType":"Group","RightName":"Owns","IsInherited":false},{"PrincipalSID":"S-1-5-21-1470860369-1569627196-4264678630-512","PrincipalType":"Group","RightName":"WriteDacl","IsInherited":false},{"PrincipalSID":"S-1-5-21-1470860369-1569627196-4264678630-512","PrincipalType":"Group","RightName":"WriteOwner","IsInherited":false},{"PrincipalSID":"S-1-5-21-1470860369-1569627196-4264678630-519","PrincipalType":"Group","RightName":"GenericAll","IsInherited":true},{"PrincipalSID":"STREAMIO.HTB-S-1-5-32-544","PrincipalType":"Group","RightName":"WriteDacl","IsInherited":true},{"PrincipalSID":"STREAMIO.HTB-S-1-5-32-544","PrincipalType":"Group","RightName":"WriteOwner","IsInherited":true}],"ObjectIdentifier":"3C438FA4-B93D-4BAA-82AE-C4C5B0E0A77A","IsDeleted":false,"IsACLProtected":false},{"Properties":{"domain":"STREAMIO.HTB","name":"COMPARTITIONS@STREAMIO.HTB","distinguishedname":"CN=COMPARTITIONS,CN=SYSTEM,DC=STREAMIO,DC=HTB","domainsid":"S-1-5-21-1470860369-1569627196-4264678630","highvalue":false},"ChildObjects":[],"Aces":[{"PrincipalSID":"S-1-5-21-1470860369-1569627196-4264678630-512","PrincipalType":"Group","RightName":"Owns","IsInherited":false},{"PrincipalSID":"S-1-5-21-1470860369-1569627196-4264678630-512","PrincipalType":"Group","RightName":"WriteDacl","IsInherited":false},{"PrincipalSID":"S-1-5-21-1470860369-1569627196-4264678630-512","PrincipalType":"Group","RightName":"WriteOwner","IsInherited":false},{"PrincipalSID":"S-1-5-21-1470860369-1569627196-4264678630-519","PrincipalType":"Group","RightName":"GenericAll","IsInherited":true},{"PrincipalSID":"STREAMIO.HTB-S-1-5-32-544","PrincipalType":"Group","RightName":"WriteDacl","IsInherited":true},{"PrincipalSID":"STREAMIO.HTB-S-1-5-32-544","PrincipalType":"Group","RightName":"WriteOwner","IsInherited":true}],"ObjectIdentifier":"A5091758-E20A-4054-8E1A-C15C3D4BFA7D","IsDeleted":false,"IsACLProtected":false},{"Properties":{"domain":"STREAMIO.HTB","name":"ADMINSDHOLDER@STREAMIO.HTB","distinguishedname":"CN=ADMINSDHOLDER,CN=SYSTEM,DC=STREAMIO,DC=HTB","domainsid":"S-1-5-21-1470860369-1569627196-4264678630","highvalue":false},"ChildObjects":[],"Aces":[{"PrincipalSID":"S-1-5-21-1470860369-1569627196-4264678630-512","PrincipalType":"Group","RightName":"Owns","IsInherited":false},{"PrincipalSID":"STREAMIO.HTB-S-1-5-32-544","PrincipalType":"Group","RightName":"WriteDacl","IsInherited":false},{"PrincipalSID":"STREAMIO.HTB-S-1-5-32-544","PrincipalType":"Group","RightName":"WriteOwner","IsInherited":false},{"PrincipalSID":"S-1-5-21-1470860369-1569627196-4264678630-512","PrincipalType":"Group","RightName":"WriteDacl","IsInherited":false},{"PrincipalSID":"S-1-5-21-1470860369-1569627196-4264678630-512","PrincipalType":"Group","RightName":"WriteOwner","IsInherited":false},{"PrincipalSID":"S-1-5-21-1470860369-1569627196-4264678630-519","PrincipalType":"Group","RightName":"WriteDacl","IsInherited":false},{"PrincipalSID":"S-1-5-21-1470860369-1569627196-4264678630-519","PrincipalType":"Group","RightName":"WriteOwner","IsInherited":false}],"ObjectIdentifier":"1B07AE06-DE77-4D2B-99B5-374EBAB1884A","IsDeleted":false,"IsACLProtected":true},{"Properties":{"domain":"STREAMIO.HTB","name":"PROGRAM DATA@STREAMIO.HTB","distinguishedname":"CN=PROGRAM DATA,DC=STREAMIO,DC=HTB","domainsid":"S-1-5-21-1470860369-1569627196-4264678630","highvalue":false},"ChildObjects":[],"Aces":[{"PrincipalSID":"S-1-5-21-1470860369-1569627196-4264678630-512","PrincipalType":"Group","RightName":"Owns","IsInherited":false},{"PrincipalSID":"S-1-5-21-1470860369-1569627196-4264678630-512","PrincipalType":"Group","RightName":"GenericAll","IsInherited":false},{"PrincipalSID":"S-1-5-21-1470860369-1569627196-4264678630-519","PrincipalType":"Group","RightName":"GenericAll","IsInherited":true},{"PrincipalSID":"STREAMIO.HTB-S-1-5-32-544","PrincipalType":"Group","RightName":"WriteDacl","IsInherited":true},{"PrincipalSID":"STREAMIO.HTB-S-1-5-32-544","PrincipalType":"Group","RightName":"WriteOwner","IsInherited":true}],"ObjectIdentifier":"021312EF-4739-4FA0-AAA9-0E8C98CFE184","IsDeleted":false,"IsACLProtected":false},{"Properties":{"domain":"STREAMIO.HTB","name":"RPCSERVICES@STREAMIO.HTB","distinguishedname":"CN=RPCSERVICES,CN=SYSTEM,DC=STREAMIO,DC=HTB","domainsid":"S-1-5-21-1470860369-1569627196-4264678630","highvalue":false},"ChildObjects":[],"Aces":[{"PrincipalSID":"S-1-5-21-1470860369-1569627196-4264678630-512","PrincipalType":"Group","RightName":"Owns","IsInherited":false},{"PrincipalSID":"S-1-5-21-1470860369-1569627196-4264678630-512","PrincipalType":"Group","RightName":"WriteDacl","IsInherited":false},{"PrincipalSID":"S-1-5-21-1470860369-1569627196-4264678630-512","PrincipalType":"Group","RightName":"WriteOwner","IsInherited":false},{"PrincipalSID":"S-1-5-21-1470860369-1569627196-4264678630-519","PrincipalType":"Group","RightName":"GenericAll","IsInherited":true},{"PrincipalSID":"STREAMIO.HTB-S-1-5-32-544","PrincipalType":"Group","RightName":"WriteDacl","IsInherited":true},{"PrincipalSID":"STREAMIO.HTB-S-1-5-32-544","PrincipalType":"Group","RightName":"WriteOwner","IsInherited":true}],"ObjectIdentifier":"FA9C321D-44B5-4E51-9CBA-7FB6A0690470","IsDeleted":false,"IsACLProtected":false},{"Properties":{"domain":"STREAMIO.HTB","name":"MEETINGS@STREAMIO.HTB","distinguishedname":"CN=MEETINGS,CN=SYSTEM,DC=STREAMIO,DC=HTB","domainsid":"S-1-5-21-1470860369-1569627196-4264678630","highvalue":false},"ChildObjects":[],"Aces":[{"PrincipalSID":"S-1-5-21-1470860369-1569627196-4264678630-512","PrincipalType":"Group","RightName":"Owns","IsInherited":false},{"PrincipalSID":"S-1-5-21-1470860369-1569627196-4264678630-512","PrincipalType":"Group","RightName":"WriteDacl","IsInherited":false},{"PrincipalSID":"S-1-5-21-1470860369-1569627196-4264678630-512","PrincipalType":"Group","RightName":"WriteOwner","IsInherited":false},{"PrincipalSID":"S-1-5-21-1470860369-1569627196-4264678630-519","PrincipalType":"Group","RightName":"GenericAll","IsInherited":true},{"PrincipalSID":"STREAMIO.HTB-S-1-5-32-544","PrincipalType":"Group","RightName":"WriteDacl","IsInherited":true},{"PrincipalSID":"STREAMIO.HTB-S-1-5-32-544","PrincipalType":"Group","RightName":"WriteOwner","IsInherited":true}],"ObjectIdentifier":"FD98452F-C0F8-4DFA-A384-7003872C12B8","IsDeleted":false,"IsACLProtected":false},{"Properties":{"domain":"STREAMIO.HTB","name":"FOREIGNSECURITYPRINCIPALS@STREAMIO.HTB","distinguishedname":"CN=FOREIGNSECURITYPRINCIPALS,DC=STREAMIO,DC=HTB","domainsid":"S-1-5-21-1470860369-1569627196-4264678630","highvalue":false},"ChildObjects":[],"Aces":[{"PrincipalSID":"S-1-5-21-1470860369-1569627196-4264678630-512","PrincipalType":"Group","RightName":"Owns","IsInherited":false},{"PrincipalSID":"S-1-5-21-1470860369-1569627196-4264678630-512","PrincipalType":"Group","RightName":"GenericAll","IsInherited":false},{"PrincipalSID":"S-1-5-21-1470860369-1569627196-4264678630-519","PrincipalType":"Group","RightName":"GenericAll","IsInherited":true},{"PrincipalSID":"STREAMIO.HTB-S-1-5-32-544","PrincipalType":"Group","RightName":"WriteDacl","IsInherited":true},{"PrincipalSID":"STREAMIO.HTB-S-1-5-32-544","PrincipalType":"Group","RightName":"WriteOwner","IsInherited":true}],"ObjectIdentifier":"BC17DBD2-BC36-43E8-8A8A-D45305FE1C12","IsDeleted":false,"IsACLProtected":false},{"Properties":{"domain":"STREAMIO.HTB","name":"COMPUTERS@STREAMIO.HTB","distinguishedname":"CN=COMPUTERS,DC=STREAMIO,DC=HTB","domainsid":"S-1-5-21-1470860369-1569627196-4264678630","highvalue":false},"ChildObjects":[],"Aces":[{"PrincipalSID":"S-1-5-21-1470860369-1569627196-4264678630-512","PrincipalType":"Group","RightName":"Owns","IsInherited":false},{"PrincipalSID":"S-1-5-21-1470860369-1569627196-4264678630-512","PrincipalType":"Group","RightName":"WriteDacl","IsInherited":false},{"PrincipalSID":"S-1-5-21-1470860369-1569627196-4264678630-512","PrincipalType":"Group","RightName":"WriteOwner","IsInherited":false},{"PrincipalSID":"S-1-5-21-1470860369-1569627196-4264678630-519","PrincipalType":"Group","RightName":"GenericAll","IsInherited":true},{"PrincipalSID":"STREAMIO.HTB-S-1-5-32-544","PrincipalType":"Group","RightName":"WriteDacl","IsInherited":true},{"PrincipalSID":"STREAMIO.HTB-S-1-5-32-544","PrincipalType":"Group","RightName":"WriteOwner","IsInherited":true}],"ObjectIdentifier":"954EDB32-04D0-4801-96E4-87C1F9408169","IsDeleted":false,"IsACLProtected":false},{"Properties":{"domain":"STREAMIO.HTB","name":"MANAGED SERVICE ACCOUNTS@STREAMIO.HTB","distinguishedname":"CN=MANAGED SERVICE ACCOUNTS,DC=STREAMIO,DC=HTB","domainsid":"S-1-5-21-1470860369-1569627196-4264678630","highvalue":false},"ChildObjects":[],"Aces":[{"PrincipalSID":"S-1-5-21-1470860369-1569627196-4264678630-512","PrincipalType":"Group","RightName":"Owns","IsInherited":false},{"PrincipalSID":"S-1-5-21-1470860369-1569627196-4264678630-512","PrincipalType":"Group","RightName":"WriteDacl","IsInherited":false},{"PrincipalSID":"S-1-5-21-1470860369-1569627196-4264678630-512","PrincipalType":"Group","RightName":"WriteOwner","IsInherited":false},{"PrincipalSID":"S-1-5-21-1470860369-1569627196-4264678630-519","PrincipalType":"Group","RightName":"GenericAll","IsInherited":true},{"PrincipalSID":"STREAMIO.HTB-S-1-5-32-544","PrincipalType":"Group","RightName":"WriteDacl","IsInherited":true},{"PrincipalSID":"STREAMIO.HTB-S-1-5-32-544","PrincipalType":"Group","RightName":"WriteOwner","IsInherited":true}],"ObjectIdentifier":"94232F93-369B-4EBE-A866-6140D90A30A1","IsDeleted":false,"IsACLProtected":false},{"Properties":{"domain":"STREAMIO.HTB","name":"MICROSOFT@STREAMIO.HTB","distinguishedname":"CN=MICROSOFT,CN=PROGRAM DATA,DC=STREAMIO,DC=HTB","domainsid":"S-1-5-21-1470860369-1569627196-4264678630","highvalue":false},"ChildObjects":[],"Aces":[{"PrincipalSID":"S-1-5-21-1470860369-1569627196-4264678630-512","PrincipalType":"Group","RightName":"Owns","IsInherited":false},{"PrincipalSID":"S-1-5-21-1470860369-1569627196-4264678630-512","PrincipalType":"Group","RightName":"GenericAll","IsInherited":false},{"PrincipalSID":"S-1-5-21-1470860369-1569627196-4264678630-519","PrincipalType":"Group","RightName":"GenericAll","IsInherited":true},{"PrincipalSID":"STREAMIO.HTB-S-1-5-32-544","PrincipalType":"Group","RightName":"WriteDacl","IsInherited":true},{"PrincipalSID":"STREAMIO.HTB-S-1-5-32-544","PrincipalType":"Group","RightName":"WriteOwner","IsInherited":true}],"ObjectIdentifier":"80C7564E-8C7B-4F00-B751-262913B4E4DC","IsDeleted":false,"IsACLProtected":false},{"Properties":{"domain":"STREAMIO.HTB","name":"POLICIES@STREAMIO.HTB","distinguishedname":"CN=POLICIES,CN=SYSTEM,DC=STREAMIO,DC=HTB","domainsid":"S-1-5-21-1470860369-1569627196-4264678630","highvalue":false},"ChildObjects":[],"Aces":[{"PrincipalSID":"S-1-5-21-1470860369-1569627196-4264678630-512","PrincipalType":"Group","RightName":"Owns","IsInherited":false},{"PrincipalSID":"S-1-5-21-1470860369-1569627196-4264678630-512","PrincipalType":"Group","RightName":"WriteDacl","IsInherited":false},{"PrincipalSID":"S-1-5-21-1470860369-1569627196-4264678630-512","PrincipalType":"Group","RightName":"WriteOwner","IsInherited":false},{"PrincipalSID":"S-1-5-21-1470860369-1569627196-4264678630-519","PrincipalType":"Group","RightName":"GenericAll","IsInherited":true},{"PrincipalSID":"STREAMIO.HTB-S-1-5-32-544","PrincipalType":"Group","RightName":"WriteDacl","IsInherited":true},{"PrincipalSID":"STREAMIO.HTB-S-1-5-32-544","PrincipalType":"Group","RightName":"WriteOwner","IsInherited":true}],"ObjectIdentifier":"44852685-E2BE-4C56-A519-E5813F76ED54","IsDeleted":false,"IsACLProtected":false},{"Properties":{"domain":"STREAMIO.HTB","name":"POLICYTEMPLATE@STREAMIO.HTB","distinguishedname":"CN=POLICYTEMPLATE,CN=WMIPOLICY,CN=SYSTEM,DC=STREAMIO,DC=HTB","domainsid":"S-1-5-21-1470860369-1569627196-4264678630","highvalue":false},"ChildObjects":[],"Aces":[{"PrincipalSID":"S-1-5-21-1470860369-1569627196-4264678630-512","PrincipalType":"Group","RightName":"Owns","IsInherited":false},{"PrincipalSID":"S-1-5-21-1470860369-1569627196-4264678630-512","PrincipalType":"Group","RightName":"WriteDacl","IsInherited":false},{"PrincipalSID":"S-1-5-21-1470860369-1569627196-4264678630-512","PrincipalType":"Group","RightName":"WriteOwner","IsInherited":false},{"PrincipalSID":"S-1-5-21-1470860369-1569627196-4264678630-519","PrincipalType":"Group","RightName":"GenericAll","IsInherited":true},{"PrincipalSID":"S-1-5-21-1470860369-1569627196-4264678630-512","PrincipalType":"Group","RightName":"GenericAll","IsInherited":true}],"ObjectIdentifier":"B72371C2-0019-4D87-B65D-3EE89D74E550","IsDeleted":false,"IsACLProtected":false},{"Properties":{"domain":"STREAMIO.HTB","name":"SOM@STREAMIO.HTB","distinguishedname":"CN=SOM,CN=WMIPOLICY,CN=SYSTEM,DC=STREAMIO,DC=HTB","domainsid":"S-1-5-21-1470860369-1569627196-4264678630","highvalue":false},"ChildObjects":[],"Aces":[{"PrincipalSID":"S-1-5-21-1470860369-1569627196-4264678630-512","PrincipalType":"Group","RightName":"Owns","IsInherited":false},{"PrincipalSID":"S-1-5-21-1470860369-1569627196-4264678630-512","PrincipalType":"Group","RightName":"GenericAll","IsInherited":false},{"PrincipalSID":"S-1-5-21-1470860369-1569627196-4264678630-519","PrincipalType":"Group","RightName":"GenericAll","IsInherited":false}],"ObjectIdentifier":"B53DE0E4-279C-4724-9130-FE1F6284EC56","IsDeleted":false,"IsACLProtected":true},{"Properties":{"domain":"STREAMIO.HTB","name":"POLICYTYPE@STREAMIO.HTB","distinguishedname":"CN=POLICYTYPE,CN=WMIPOLICY,CN=SYSTEM,DC=STREAMIO,DC=HTB","domainsid":"S-1-5-21-1470860369-1569627196-4264678630","highvalue":false},"ChildObjects":[],"Aces":[{"PrincipalSID":"S-1-5-21-1470860369-1569627196-4264678630-512","PrincipalType":"Group","RightName":"Owns","IsInherited":false},{"PrincipalSID":"S-1-5-21-1470860369-1569627196-4264678630-512","PrincipalType":"Group","RightName":"WriteDacl","IsInherited":false},{"PrincipalSID":"S-1-5-21-1470860369-1569627196-4264678630-512","PrincipalType":"Group","RightName":"WriteOwner","IsInherited":false},{"PrincipalSID":"S-1-5-21-1470860369-1569627196-4264678630-519","PrincipalType":"Group","RightName":"GenericAll","IsInherited":true},{"PrincipalSID":"S-1-5-21-1470860369-1569627196-4264678630-512","PrincipalType":"Group","RightName":"GenericAll","IsInherited":true}],"ObjectIdentifier":"EFD52259-64B4-4F29-9508-9ABACB7E084D","IsDeleted":false,"IsACLProtected":false},{"Properties":{"domain":"STREAMIO.HTB","name":"WMIPOLICY@STREAMIO.HTB","distinguishedname":"CN=WMIPOLICY,CN=SYSTEM,DC=STREAMIO,DC=HTB","domainsid":"S-1-5-21-1470860369-1569627196-4264678630","highvalue":false},"ChildObjects":[],"Aces":[{"PrincipalSID":"S-1-5-21-1470860369-1569627196-4264678630-512","PrincipalType":"Group","RightName":"Owns","IsInherited":false},{"PrincipalSID":"S-1-5-21-1470860369-1569627196-4264678630-512","PrincipalType":"Group","RightName":"GenericAll","IsInherited":false},{"PrincipalSID":"S-1-5-21-1470860369-1569627196-4264678630-519","PrincipalType":"Group","RightName":"GenericAll","IsInherited":false}],"ObjectIdentifier":"B9B5956B-A2C8-45D0-A1F4-FE7859351BC4","IsDeleted":false,"IsACLProtected":true},{"Properties":{"domain":"STREAMIO.HTB","name":"COMPARTITIONSETS@STREAMIO.HTB","distinguishedname":"CN=COMPARTITIONSETS,CN=SYSTEM,DC=STREAMIO,DC=HTB","domainsid":"S-1-5-21-1470860369-1569627196-4264678630","highvalue":false},"ChildObjects":[],"Aces":[{"PrincipalSID":"S-1-5-21-1470860369-1569627196-4264678630-512","PrincipalType":"Group","RightName":"Owns","IsInherited":false},{"PrincipalSID":"S-1-5-21-1470860369-1569627196-4264678630-512","PrincipalType":"Group","RightName":"WriteDacl","IsInherited":false},{"PrincipalSID":"S-1-5-21-1470860369-1569627196-4264678630-512","PrincipalType":"Group","RightName":"WriteOwner","IsInherited":false},{"PrincipalSID":"S-1-5-21-1470860369-1569627196-4264678630-519","PrincipalType":"Group","RightName":"GenericAll","IsInherited":true},{"PrincipalSID":"STREAMIO.HTB-S-1-5-32-544","PrincipalType":"Group","RightName":"WriteDacl","IsInherited":true},{"PrincipalSID":"STREAMIO.HTB-S-1-5-32-544","PrincipalType":"Group","RightName":"WriteOwner","IsInherited":true}],"ObjectIdentifier":"6AEA7705-804C-4EB8-9103-28F3BB1E1C65","IsDeleted":false,"IsACLProtected":false},{"Properties":{"domain":"STREAMIO.HTB","name":"WMIGPO@STREAMIO.HTB","distinguishedname":"CN=WMIGPO,CN=WMIPOLICY,CN=SYSTEM,DC=STREAMIO,DC=HTB","domainsid":"S-1-5-21-1470860369-1569627196-4264678630","highvalue":false},"ChildObjects":[],"Aces":[{"PrincipalSID":"S-1-5-21-1470860369-1569627196-4264678630-512","PrincipalType":"Group","RightName":"Owns","IsInherited":false},{"PrincipalSID":"S-1-5-21-1470860369-1569627196-4264678630-512","PrincipalType":"Group","RightName":"WriteDacl","IsInherited":false},{"PrincipalSID":"S-1-5-21-1470860369-1569627196-4264678630-512","PrincipalType":"Group","RightName":"WriteOwner","IsInherited":false},{"PrincipalSID":"S-1-5-21-1470860369-1569627196-4264678630-519","PrincipalType":"Group","RightName":"GenericAll","IsInherited":true},{"PrincipalSID":"S-1-5-21-1470860369-1569627196-4264678630-512","PrincipalType":"Group","RightName":"GenericAll","IsInherited":true}],"ObjectIdentifier":"EFFE6A23-6825-4B85-A66C-3CE8B70B764C","IsDeleted":false,"IsACLProtected":false},{"Properties":{"domain":"STREAMIO.HTB","name":"PSPS@STREAMIO.HTB","distinguishedname":"CN=PSPS,CN=SYSTEM,DC=STREAMIO,DC=HTB","domainsid":"S-1-5-21-1470860369-1569627196-4264678630","highvalue":false},"ChildObjects":[],"Aces":[{"PrincipalSID":"S-1-5-21-1470860369-1569627196-4264678630-512","PrincipalType":"Group","RightName":"Owns","IsInherited":false},{"PrincipalSID":"S-1-5-21-1470860369-1569627196-4264678630-512","PrincipalType":"Group","RightName":"GenericAll","IsInherited":false},{"PrincipalSID":"S-1-5-21-1470860369-1569627196-4264678630-519","PrincipalType":"Group","RightName":"GenericAll","IsInherited":true},{"PrincipalSID":"STREAMIO.HTB-S-1-5-32-544","PrincipalType":"Group","RightName":"WriteDacl","IsInherited":true},{"PrincipalSID":"STREAMIO.HTB-S-1-5-32-544","PrincipalType":"Group","RightName":"WriteOwner","IsInherited":true}],"ObjectIdentifier":"0BBC15A1-0613-4FD2-ADB3-F7D15C485E5F","IsDeleted":false,"IsACLProtected":false},{"Properties":{"domain":"STREAMIO.HTB","name":"USERS@STREAMIO.HTB","distinguishedname":"CN=USERS,DC=STREAMIO,DC=HTB","domainsid":"S-1-5-21-1470860369-1569627196-4264678630","highvalue":false},"ChildObjects":[{"ObjectIdentifier":"S-1-5-21-1470860369-1569627196-4264678630-500","ObjectType":"User"},{"ObjectIdentifier":"S-1-5-21-1470860369-1569627196-4264678630-571","ObjectType":"Group"},{"ObjectIdentifier":"S-1-5-21-1470860369-1569627196-4264678630-517","ObjectType":"Group"},{"ObjectIdentifier":"S-1-5-21-1470860369-1569627196-4264678630-522","ObjectType":"Group"},{"ObjectIdentifier":"S-1-5-21-1470860369-1569627196-4264678630-1108","ObjectType":"Group"},{"ObjectIdentifier":"S-1-5-21-1470860369-1569627196-4264678630-572","ObjectType":"Group"},{"ObjectIdentifier":"S-1-5-21-1470860369-1569627196-4264678630-1101","ObjectType":"Group"},{"ObjectIdentifier":"S-1-5-21-1470860369-1569627196-4264678630-1102","ObjectType":"Group"},{"ObjectIdentifier":"S-1-5-21-1470860369-1569627196-4264678630-512","ObjectType":"Group"},{"ObjectIdentifier":"S-1-5-21-1470860369-1569627196-4264678630-515","ObjectType":"Group"},{"ObjectIdentifier":"S-1-5-21-1470860369-1569627196-4264678630-516","ObjectType":"Group"},{"ObjectIdentifier":"S-1-5-21-1470860369-1569627196-4264678630-514","ObjectType":"Group"},{"ObjectIdentifier":"S-1-5-21-1470860369-1569627196-4264678630-513","ObjectType":"Group"},{"ObjectIdentifier":"S-1-5-21-1470860369-1569627196-4264678630-519","ObjectType":"Group"},{"ObjectIdentifier":"S-1-5-21-1470860369-1569627196-4264678630-527","ObjectType":"Group"},{"ObjectIdentifier":"S-1-5-21-1470860369-1569627196-4264678630-498","ObjectType":"Group"},{"ObjectIdentifier":"S-1-5-21-1470860369-1569627196-4264678630-520","ObjectType":"Group"},{"ObjectIdentifier":"S-1-5-21-1470860369-1569627196-4264678630-501","ObjectType":"User"},{"ObjectIdentifier":"S-1-5-21-1470860369-1569627196-4264678630-1104","ObjectType":"User"},{"ObjectIdentifier":"S-1-5-21-1470860369-1569627196-4264678630-526","ObjectType":"Group"},{"ObjectIdentifier":"S-1-5-21-1470860369-1569627196-4264678630-502","ObjectType":"User"},{"ObjectIdentifier":"S-1-5-21-1470860369-1569627196-4264678630-1105","ObjectType":"User"},{"ObjectIdentifier":"S-1-5-21-1470860369-1569627196-4264678630-1106","ObjectType":"User"},{"ObjectIdentifier":"S-1-5-21-1470860369-1569627196-4264678630-525","ObjectType":"Group"},{"ObjectIdentifier":"S-1-5-21-1470860369-1569627196-4264678630-553","ObjectType":"Group"},{"ObjectIdentifier":"S-1-5-21-1470860369-1569627196-4264678630-521","ObjectType":"Group"},{"ObjectIdentifier":"S-1-5-21-1470860369-1569627196-4264678630-518","ObjectType":"Group"},{"ObjectIdentifier":"S-1-5-21-1470860369-1569627196-4264678630-1103","ObjectType":"Group"},{"ObjectIdentifier":"S-1-5-21-1470860369-1569627196-4264678630-1107","ObjectType":"User"}],"Aces":[{"PrincipalSID":"S-1-5-21-1470860369-1569627196-4264678630-512","PrincipalType":"Group","RightName":"Owns","IsInherited":false},{"PrincipalSID":"S-1-5-21-1470860369-1569627196-4264678630-512","PrincipalType":"Group","RightName":"WriteDacl","IsInherited":false},{"PrincipalSID":"S-1-5-21-1470860369-1569627196-4264678630-512","PrincipalType":"Group","RightName":"WriteOwner","IsInherited":false},{"PrincipalSID":"S-1-5-21-1470860369-1569627196-4264678630-519","PrincipalType":"Group","RightName":"GenericAll","IsInherited":true},{"PrincipalSID":"STREAMIO.HTB-S-1-5-32-544","PrincipalType":"Group","RightName":"WriteDacl","IsInherited":true},{"PrincipalSID":"STREAMIO.HTB-S-1-5-32-544","PrincipalType":"Group","RightName":"WriteOwner","IsInherited":true}],"ObjectIdentifier":"DA910FF8-7C5E-43D0-BBB6-6DFDC1C02539","IsDeleted":false,"IsACLProtected":false}],"meta":{"methods":29675,"type":"containers","count":21,"version":5}}