﻿{"data":[{"Properties":{"domain":"STREAMIO.HTB","name":"DC.STREAMIO.HTB","distinguishedname":"CN=DC,OU=DOMAIN CONTROLLERS,DC=STREAMIO,DC=HTB","domainsid":"S-1-5-21-1470860369-1569627196-4264678630","highvalue":false,"samaccountname":"DC$","haslaps":true,"description":null,"whencreated":1645494313,"enabled":true,"unconstraineddelegation":true,"trustedtoauth":false,"lastlogon":1672708186,"lastlogontimestamp":1672679414,"pwdlastset":1672679385,"serviceprincipalnames":["Dfsr-12F9A27C-BF97-4787-9364-D31B6C55EB04/DC.streamIO.htb","ldap/DC.streamIO.htb/ForestDnsZones.streamIO.htb","ldap/DC.streamIO.htb/DomainDnsZones.streamIO.htb","DNS/DC.streamIO.htb","GC/DC.streamIO.htb/streamIO.htb","RestrictedKrbHost/DC.streamIO.htb","RestrictedKrbHost/DC","RPC/a248f8cd-6e46-408c-acf1-67bf3029808b._msdcs.streamIO.htb","HOST/DC/streamIO","HOST/DC.streamIO.htb/streamIO","HOST/DC","HOST/DC.streamIO.htb","HOST/DC.streamIO.htb/streamIO.htb","E3514235-4B06-11D1-AB04-00C04FC2DCD2/a248f8cd-6e46-408c-acf1-67bf3029808b/streamIO.htb","ldap/DC/streamIO","ldap/a248f8cd-6e46-408c-acf1-67bf3029808b._msdcs.streamIO.htb","ldap/DC.streamIO.htb/streamIO","ldap/DC","ldap/DC.streamIO.htb","ldap/DC.streamIO.htb/streamIO.htb"],"operatingsystem":"Windows Server 2019 Standard","sidhistory":[]},"PrimaryGroupSID":"S-1-5-21-1470860369-1569627196-4264678630-516","AllowedToDelegate":[],"AllowedToAct":[],"HasSIDHistory":[],"Sessions":{"Results":[],"Collected":false,"FailureReason":"ERROR_ACCESS_DENIED"},"PrivilegedSessions":{"Results":[],"Collected":false,"FailureReason":null},"RegistrySessions":{"Results":[],"Collected":false,"FailureReason":null},"LocalAdmins":{"Results":[{"ObjectIdentifier":"S-1-5-21-1470860369-1569627196-4264678630-500","ObjectType":"User"},{"ObjectIdentifier":"S-1-5-21-1470860369-1569627196-4264678630-519","ObjectType":"Group"},{"ObjectIdentifier":"S-1-5-21-1470860369-1569627196-4264678630-512","ObjectType":"Group"},{"ObjectIdentifier":"S-1-5-21-1470860369-1569627196-4264678630-1105","ObjectType":"User"}],"Collected":true,"FailureReason":null},"RemoteDesktopUsers":{"Results":[],"Collected":true,"FailureReason":null},"DcomUsers":{"Results":[],"Collected":true,"FailureReason":null},"PSRemoteUsers":{"Results":[{"ObjectIdentifier":"S-1-5-21-1470860369-1569627196-4264678630-1105","ObjectType":"User"},{"ObjectIdentifier":"S-1-5-21-1470860369-1569627196-4264678630-1106","ObjectType":"User"}],"Collected":true,"FailureReason":null},"Status":null,"Aces":[{"PrincipalSID":"S-1-5-21-1470860369-1569627196-4264678630-512","PrincipalType":"Group","RightName":"Owns","IsInherited":false},{"PrincipalSID":"S-1-5-21-1470860369-1569627196-4264678630-512","PrincipalType":"Group","RightName":"GenericAll","IsInherited":false},{"PrincipalSID":"S-1-5-21-1470860369-1569627196-4264678630-1108","PrincipalType":"Group","RightName":"ReadLAPSPassword","IsInherited":true},{"PrincipalSID":"S-1-5-21-1470860369-1569627196-4264678630-526","PrincipalType":"Group","RightName":"AddKeyCredentialLink","IsInherited":true},{"PrincipalSID":"S-1-5-21-1470860369-1569627196-4264678630-527","PrincipalType":"Group","RightName":"AddKeyCredentialLink","IsInherited":true},{"PrincipalSID":"S-1-5-21-1470860369-1569627196-4264678630-519","PrincipalType":"Group","RightName":"GenericAll","IsInherited":true},{"PrincipalSID":"STREAMIO.HTB-S-1-5-32-544","PrincipalType":"Group","RightName":"WriteDacl","IsInherited":true},{"PrincipalSID":"STREAMIO.HTB-S-1-5-32-544","PrincipalType":"Group","RightName":"WriteOwner","IsInherited":true},{"PrincipalSID":"STREAMIO.HTB-S-1-5-32-544","PrincipalType":"Group","RightName":"AllExtendedRights","IsInherited":true},{"PrincipalSID":"STREAMIO.HTB-S-1-5-32-544","PrincipalType":"Group","RightName":"GenericWrite","IsInherited":true}],"ObjectIdentifier":"S-1-5-21-1470860369-1569627196-4264678630-1000","IsDeleted":false,"IsACLProtected":false}],"meta":{"methods":29675,"type":"computers","count":1,"version":5}}