﻿{"data":[{"Properties":{"domain":"EGOTISTICAL-BANK.LOCAL","name":"SAUNA.EGOTISTICAL-BANK.LOCAL","distinguishedname":"CN=SAUNA,OU=DOMAIN CONTROLLERS,DC=EGOTISTICAL-BANK,DC=LOCAL","domainsid":"S-1-5-21-2966785786-3096785034-1186376766","highvalue":false,"samaccountname":"SAUNA$","haslaps":false,"description":null,"whencreated":1579729530,"enabled":true,"unconstraineddelegation":true,"trustedtoauth":false,"lastlogon":1669464213,"lastlogontimestamp":1669464194,"pwdlastset":1669464180,"serviceprincipalnames":["Dfsr-12F9A27C-BF97-4787-9364-D31B6C55EB04/SAUNA.EGOTISTICAL-BANK.LOCAL","ldap/SAUNA.EGOTISTICAL-BANK.LOCAL/ForestDnsZones.EGOTISTICAL-BANK.LOCAL","ldap/SAUNA.EGOTISTICAL-BANK.LOCAL/DomainDnsZones.EGOTISTICAL-BANK.LOCAL","DNS/SAUNA.EGOTISTICAL-BANK.LOCAL","GC/SAUNA.EGOTISTICAL-BANK.LOCAL/EGOTISTICAL-BANK.LOCAL","RestrictedKrbHost/SAUNA.EGOTISTICAL-BANK.LOCAL","RestrictedKrbHost/SAUNA","RPC/b3e0be40-25c6-44ec-b2b9-9ff85c44b2ec._msdcs.EGOTISTICAL-BANK.LOCAL","HOST/SAUNA/EGOTISTICALBANK","HOST/SAUNA.EGOTISTICAL-BANK.LOCAL/EGOTISTICALBANK","HOST/SAUNA","HOST/SAUNA.EGOTISTICAL-BANK.LOCAL","HOST/SAUNA.EGOTISTICAL-BANK.LOCAL/EGOTISTICAL-BANK.LOCAL","E3514235-4B06-11D1-AB04-00C04FC2DCD2/b3e0be40-25c6-44ec-b2b9-9ff85c44b2ec/EGOTISTICAL-BANK.LOCAL","ldap/SAUNA/EGOTISTICALBANK","ldap/b3e0be40-25c6-44ec-b2b9-9ff85c44b2ec._msdcs.EGOTISTICAL-BANK.LOCAL","ldap/SAUNA.EGOTISTICAL-BANK.LOCAL/EGOTISTICALBANK","ldap/SAUNA","ldap/SAUNA.EGOTISTICAL-BANK.LOCAL","ldap/SAUNA.EGOTISTICAL-BANK.LOCAL/EGOTISTICAL-BANK.LOCAL"],"operatingsystem":"Windows Server 2019 Datacenter","sidhistory":[]},"PrimaryGroupSID":"S-1-5-21-2966785786-3096785034-1186376766-516","AllowedToDelegate":[],"AllowedToAct":[],"HasSIDHistory":[],"Sessions":{"Results":[],"Collected":false,"FailureReason":"ERROR_ACCESS_DENIED"},"PrivilegedSessions":{"Results":[],"Collected":false,"FailureReason":"ERROR_ACCESS_DENIED"},"RegistrySessions":{"Results":[{"UserSID":"S-1-5-21-2966785786-3096785034-1186376766-1105","ComputerSID":"S-1-5-21-2966785786-3096785034-1186376766-1000"}],"Collected":true,"FailureReason":null},"LocalAdmins":{"Results":[{"ObjectIdentifier":"S-1-5-21-2966785786-3096785034-1186376766-500","ObjectType":"User"},{"ObjectIdentifier":"S-1-5-21-2966785786-3096785034-1186376766-519","ObjectType":"Group"},{"ObjectIdentifier":"S-1-5-21-2966785786-3096785034-1186376766-512","ObjectType":"Group"}],"Collected":true,"FailureReason":null},"RemoteDesktopUsers":{"Results":[],"Collected":true,"FailureReason":null},"DcomUsers":{"Results":[],"Collected":true,"FailureReason":null},"PSRemoteUsers":{"Results":[{"ObjectIdentifier":"S-1-5-21-2966785786-3096785034-1186376766-1105","ObjectType":"User"},{"ObjectIdentifier":"S-1-5-21-2966785786-3096785034-1186376766-1108","ObjectType":"User"}],"Collected":true,"FailureReason":null},"Status":null,"Aces":[{"PrincipalSID":"S-1-5-21-2966785786-3096785034-1186376766-512","PrincipalType":"Group","RightName":"Owns","IsInherited":false},{"PrincipalSID":"S-1-5-21-2966785786-3096785034-1186376766-512","PrincipalType":"Group","RightName":"GenericAll","IsInherited":false},{"PrincipalSID":"S-1-5-21-2966785786-3096785034-1186376766-526","PrincipalType":"Group","RightName":"AddKeyCredentialLink","IsInherited":true},{"PrincipalSID":"S-1-5-21-2966785786-3096785034-1186376766-527","PrincipalType":"Group","RightName":"AddKeyCredentialLink","IsInherited":true},{"PrincipalSID":"S-1-5-21-2966785786-3096785034-1186376766-519","PrincipalType":"Group","RightName":"GenericAll","IsInherited":true},{"PrincipalSID":"EGOTISTICAL-BANK.LOCAL-S-1-5-32-544","PrincipalType":"Group","RightName":"WriteDacl","IsInherited":true},{"PrincipalSID":"EGOTISTICAL-BANK.LOCAL-S-1-5-32-544","PrincipalType":"Group","RightName":"WriteOwner","IsInherited":true},{"PrincipalSID":"EGOTISTICAL-BANK.LOCAL-S-1-5-32-544","PrincipalType":"Group","RightName":"GenericWrite","IsInherited":true}],"ObjectIdentifier":"S-1-5-21-2966785786-3096785034-1186376766-1000","IsDeleted":false,"IsACLProtected":false}],"meta":{"methods":29695,"type":"computers","count":1,"version":5}}