{"computers":[{"ObjectIdentifier": "S-1-5-21-4210132550-3389855604-3437519686-1144", "AllowedToAct": [], "PrimaryGroupSid": "S-1-5-21-4210132550-3389855604-3437519686-515", "LocalAdmins": [], "PSRemoteUsers": [], "Properties": {"name": "SVC_INT.INTELLIGENCE.HTB", "objectid": "S-1-5-21-4210132550-3389855604-3437519686-1144", "domain": "INTELLIGENCE.HTB", "highvalue": false, "distinguishedname": "CN=svc_int,CN=Managed Service Accounts,DC=intelligence,DC=htb", "unconstraineddelegation": false, "enabled": true, "haslaps": false, "lastlogontimestamp": 1625014582, "pwdlastset": 1625014487, "serviceprincipalnames": [], "description": null, "operatingsystem": null, "allowedtodelegate": ["WWW/dc.intelligence.htb"]}, "RemoteDesktopUsers": [], "DcomUsers": [], "AllowedToDelegate": ["S-1-5-21-4210132550-3389855604-3437519686-1000"], "Sessions": [], "Aces": [{"RightName": "Owner", "AceType": "", "IsInherited": false, "PrincipalSID": "S-1-5-21-4210132550-3389855604-3437519686-512", "PrincipalType": "Group"}, {"RightName": "GenericAll", "AceType": "", "IsInherited": false, "PrincipalSID": "S-1-5-21-4210132550-3389855604-3437519686-512", "PrincipalType": "Group"}, {"RightName": "GenericAll", "AceType": "", "IsInherited": false, "PrincipalSID": "INTELLIGENCE.HTB-S-1-5-32-548", "PrincipalType": "Group"}, {"RightName": "WriteProperty", "AceType": "AllowedToAct", "IsInherited": true, "PrincipalSID": "INTELLIGENCE.HTB-S-1-5-10", "PrincipalType": "User"}, {"RightName": "GenericAll", "AceType": "", "IsInherited": true, "PrincipalSID": "S-1-5-21-4210132550-3389855604-3437519686-519", "PrincipalType": "Group"}, {"RightName": "GenericWrite", "AceType": "", "IsInherited": true, "PrincipalSID": "INTELLIGENCE.HTB-S-1-5-32-544", "PrincipalType": "Group"}, {"RightName": "WriteOwner", "AceType": "", "IsInherited": true, "PrincipalSID": "INTELLIGENCE.HTB-S-1-5-32-544", "PrincipalType": "Group"}, {"RightName": "WriteDacl", "AceType": "", "IsInherited": true, "PrincipalSID": "INTELLIGENCE.HTB-S-1-5-32-544", "PrincipalType": "Group"}]},{"ObjectIdentifier": "S-1-5-21-4210132550-3389855604-3437519686-1000", "AllowedToAct": [], "PrimaryGroupSid": "S-1-5-21-4210132550-3389855604-3437519686-516", "LocalAdmins": [{"MemberId": "S-1-5-21-4210132550-3389855604-3437519686-519", "MemberType": "Group"}, {"MemberId": "S-1-5-21-4210132550-3389855604-3437519686-512", "MemberType": "Group"}, {"MemberId": "S-1-5-21-4210132550-3389855604-3437519686-500", "MemberType": "User"}], "PSRemoteUsers": [], "Properties": {"name": "DC.INTELLIGENCE.HTB", "objectid": "S-1-5-21-4210132550-3389855604-3437519686-1000", "domain": "INTELLIGENCE.HTB", "highvalue": false, "distinguishedname": "CN=DC,OU=Domain Controllers,DC=intelligence,DC=htb", "unconstraineddelegation": true, "enabled": true, "haslaps": false, "lastlogontimestamp": 1670065429, "pwdlastset": 1670065405, "serviceprincipalnames": ["ldap/DC/intelligence", "HOST/DC/intelligence", "RestrictedKrbHost/DC", "HOST/DC", "ldap/DC", "Dfsr-12F9A27C-BF97-4787-9364-D31B6C55EB04/dc.intelligence.htb", "ldap/dc.intelligence.htb/ForestDnsZones.intelligence.htb", "ldap/dc.intelligence.htb/DomainDnsZones.intelligence.htb", "DNS/dc.intelligence.htb", "GC/dc.intelligence.htb/intelligence.htb", "RestrictedKrbHost/dc.intelligence.htb", "RPC/195d59db-c263-4e51-b00b-4d6ce30136ea._msdcs.intelligence.htb", "HOST/dc.intelligence.htb/intelligence", "HOST/dc.intelligence.htb", "HOST/dc.intelligence.htb/intelligence.htb", "E3514235-4B06-11D1-AB04-00C04FC2DCD2/195d59db-c263-4e51-b00b-4d6ce30136ea/intelligence.htb", "ldap/195d59db-c263-4e51-b00b-4d6ce30136ea._msdcs.intelligence.htb", "ldap/dc.intelligence.htb/intelligence", "ldap/dc.intelligence.htb", "ldap/dc.intelligence.htb/intelligence.htb"], "description": null, "operatingsystem": "Windows Server 2019 Datacenter"}, "RemoteDesktopUsers": [], "DcomUsers": [], "AllowedToDelegate": [], "Sessions": [], "Aces": [{"RightName": "Owner", "AceType": "", "IsInherited": false, "PrincipalSID": "S-1-5-21-4210132550-3389855604-3437519686-512", "PrincipalType": "Group"}, {"RightName": "GenericAll", "AceType": "", "IsInherited": false, "PrincipalSID": "S-1-5-21-4210132550-3389855604-3437519686-512", "PrincipalType": "Group"}, {"RightName": "WriteProperty", "AceType": "AllowedToAct", "IsInherited": true, "PrincipalSID": "INTELLIGENCE.HTB-S-1-5-10", "PrincipalType": "User"}, {"RightName": "GenericAll", "AceType": "", "IsInherited": true, "PrincipalSID": "S-1-5-21-4210132550-3389855604-3437519686-519", "PrincipalType": "Group"}, {"RightName": "GenericWrite", "AceType": "", "IsInherited": true, "PrincipalSID": "INTELLIGENCE.HTB-S-1-5-32-544", "PrincipalType": "Group"}, {"RightName": "WriteOwner", "AceType": "", "IsInherited": true, "PrincipalSID": "INTELLIGENCE.HTB-S-1-5-32-544", "PrincipalType": "Group"}, {"RightName": "WriteDacl", "AceType": "", "IsInherited": true, "PrincipalSID": "INTELLIGENCE.HTB-S-1-5-32-544", "PrincipalType": "Group"}]}],"meta":{"type":"computers","count":2, "version":3}}