{"users":[{"AllowedToDelegate": ["S-1-5-21-4210132550-3389855604-3437519686-1000"], "ObjectIdentifier": "S-1-5-21-4210132550-3389855604-3437519686-1144", "PrimaryGroupSid": "S-1-5-21-4210132550-3389855604-3437519686-515", "Properties": {"name": "SVC_INT@INTELLIGENCE.HTB", "domain": "INTELLIGENCE.HTB", "objectid": "S-1-5-21-4210132550-3389855604-3437519686-1144", "distinguishedname": "CN=svc_int,CN=Managed Service Accounts,DC=intelligence,DC=htb", "highvalue": false, "unconstraineddelegation": false, "passwordnotreqd": false, "enabled": true, "lastlogon": 1625014582, "lastlogontimestamp": 1625014582, "pwdlastset": 1625014487, "dontreqpreauth": false, "pwdneverexpires": false, "sensitive": false, "serviceprincipalnames": [], "hasspn": false, "displayname": null, "email": null, "title": null, "homedirectory": null, "description": null, "userpassword": null, "admincount": false, "allowedtodelegate": ["WWW/dc.intelligence.htb"], "sidhistory": []}, "Aces": [{"RightName": "ReadGMSAPassword", "AceType": "", "IsInherited": false, "PrincipalSID": "S-1-5-21-4210132550-3389855604-3437519686-1000", "PrincipalType": "Computer"}, {"RightName": "ReadGMSAPassword", "AceType": "", "IsInherited": false, "PrincipalSID": "S-1-5-21-4210132550-3389855604-3437519686-1142", "PrincipalType": "Group"}, {"RightName": "Owner", "AceType": "", "IsInherited": false, "PrincipalSID": "S-1-5-21-4210132550-3389855604-3437519686-512", "PrincipalType": "Group"}, {"RightName": "ExtendedRight", "AceType": "All", "IsInherited": false, "PrincipalSID": "S-1-5-21-4210132550-3389855604-3437519686-512", "PrincipalType": "Group"}, {"RightName": "GenericAll", "AceType": "", "IsInherited": false, "PrincipalSID": "S-1-5-21-4210132550-3389855604-3437519686-512", "PrincipalType": "Group"}, {"RightName": "GenericAll", "AceType": "", "IsInherited": false, "PrincipalSID": "INTELLIGENCE.HTB-S-1-5-32-548", "PrincipalType": "Group"}, {"RightName": "GenericAll", "AceType": "", "IsInherited": true, "PrincipalSID": "S-1-5-21-4210132550-3389855604-3437519686-519", "PrincipalType": "Group"}, {"RightName": "GenericWrite", "AceType": "", "IsInherited": true, "PrincipalSID": "INTELLIGENCE.HTB-S-1-5-32-544", "PrincipalType": "Group"}, {"RightName": "WriteOwner", "AceType": "", "IsInherited": true, "PrincipalSID": "INTELLIGENCE.HTB-S-1-5-32-544", "PrincipalType": "Group"}, {"RightName": "ExtendedRight", "AceType": "All", "IsInherited": true, "PrincipalSID": "INTELLIGENCE.HTB-S-1-5-32-544", "PrincipalType": "Group"}, {"RightName": "WriteDacl", "AceType": "", "IsInherited": true, "PrincipalSID": "INTELLIGENCE.HTB-S-1-5-32-544", "PrincipalType": "Group"}], "SPNTargets": [], "HasSIDHistory": []},{"AllowedToDelegate": [], "ObjectIdentifier": "S-1-5-21-4210132550-3389855604-3437519686-1138", "PrimaryGroupSid": "S-1-5-21-4210132550-3389855604-3437519686-513", "Properties": {"name": "JASON.PATTERSON@INTELLIGENCE.HTB", "domain": "INTELLIGENCE.HTB", "objectid": "S-1-5-21-4210132550-3389855604-3437519686-1138", "distinguishedname": "CN=Jason Patterson,CN=Users,DC=intelligence,DC=htb", "highvalue": false, "unconstraineddelegation": false, "passwordnotreqd": false, "enabled": true, "lastlogon": -1, "lastlogontimestamp": -1, "pwdlastset": 1618793381, "dontreqpreauth": false, "pwdneverexpires": true, "sensitive": false, "serviceprincipalnames": [], "hasspn": false, "displayname": null, "email": null, "title": null, "homedirectory": null, "description": null, "userpassword": null, "admincount": false, "sidhistory": []}, "Aces": [{"RightName": "Owner", "AceType": "", "IsInherited": false, "PrincipalSID": "S-1-5-21-4210132550-3389855604-3437519686-512", "PrincipalType": "Group"}, {"RightName": "GenericAll", "AceType": "", "IsInherited": false, "PrincipalSID": "S-1-5-21-4210132550-3389855604-3437519686-512", "PrincipalType": "Group"}, {"RightName": "GenericAll", "AceType": "", "IsInherited": false, "PrincipalSID": "INTELLIGENCE.HTB-S-1-5-32-548", "PrincipalType": "Group"}, {"RightName": "GenericAll", "AceType": "", "IsInherited": true, "PrincipalSID": "S-1-5-21-4210132550-3389855604-3437519686-519", "PrincipalType": "Group"}, {"RightName": "GenericWrite", "AceType": "", "IsInherited": true, "PrincipalSID": "INTELLIGENCE.HTB-S-1-5-32-544", "PrincipalType": "Group"}, {"RightName": "WriteOwner", "AceType": "", "IsInherited": true, "PrincipalSID": "INTELLIGENCE.HTB-S-1-5-32-544", "PrincipalType": "Group"}, {"RightName": "ExtendedRight", "AceType": "All", "IsInherited": true, "PrincipalSID": "INTELLIGENCE.HTB-S-1-5-32-544", "PrincipalType": "Group"}, {"RightName": "WriteDacl", "AceType": "", "IsInherited": true, "PrincipalSID": "INTELLIGENCE.HTB-S-1-5-32-544", "PrincipalType": "Group"}], "SPNTargets": [], "HasSIDHistory": []},{"AllowedToDelegate": [], "ObjectIdentifier": "S-1-5-21-4210132550-3389855604-3437519686-1140", "PrimaryGroupSid": "S-1-5-21-4210132550-3389855604-3437519686-513", "Properties": {"name": "TED.GRAVES@INTELLIGENCE.HTB", "domain": "INTELLIGENCE.HTB", "objectid": "S-1-5-21-4210132550-3389855604-3437519686-1140", "distinguishedname": "CN=Ted Graves,CN=Users,DC=intelligence,DC=htb", "highvalue": false, "unconstraineddelegation": false, "passwordnotreqd": false, "enabled": true, "lastlogon": 1670066306, "lastlogontimestamp": 1670065706, "pwdlastset": 1618793382, "dontreqpreauth": false, "pwdneverexpires": true, "sensitive": false, "serviceprincipalnames": [], "hasspn": false, "displayname": null, "email": null, "title": null, "homedirectory": null, "description": null, "userpassword": null, "admincount": false, "sidhistory": []}, "Aces": [{"RightName": "Owner", "AceType": "", "IsInherited": false, "PrincipalSID": "S-1-5-21-4210132550-3389855604-3437519686-512", "PrincipalType": "Group"}, {"RightName": "GenericAll", "AceType": "", "IsInherited": false, "PrincipalSID": "S-1-5-21-4210132550-3389855604-3437519686-512", "PrincipalType": "Group"}, {"RightName": "GenericAll", "AceType": "", "IsInherited": false, "PrincipalSID": "INTELLIGENCE.HTB-S-1-5-32-548", "PrincipalType": "Group"}, {"RightName": "GenericAll", "AceType": "", "IsInherited": true, "PrincipalSID": "S-1-5-21-4210132550-3389855604-3437519686-519", "PrincipalType": "Group"}, {"RightName": "GenericWrite", "AceType": "", "IsInherited": true, "PrincipalSID": "INTELLIGENCE.HTB-S-1-5-32-544", "PrincipalType": "Group"}, {"RightName": "WriteOwner", "AceType": "", "IsInherited": true, "PrincipalSID": "INTELLIGENCE.HTB-S-1-5-32-544", "PrincipalType": "Group"}, {"RightName": "ExtendedRight", "AceType": "All", "IsInherited": true, "PrincipalSID": "INTELLIGENCE.HTB-S-1-5-32-544", "PrincipalType": "Group"}, {"RightName": "WriteDacl", "AceType": "", "IsInherited": true, "PrincipalSID": "INTELLIGENCE.HTB-S-1-5-32-544", "PrincipalType": "Group"}], "SPNTargets": [], "HasSIDHistory": []},{"AllowedToDelegate": [], "ObjectIdentifier": "S-1-5-21-4210132550-3389855604-3437519686-1139", "PrimaryGroupSid": "S-1-5-21-4210132550-3389855604-3437519686-513", "Properties": {"name": "LAURA.LEE@INTELLIGENCE.HTB", "domain": "INTELLIGENCE.HTB", "objectid": "S-1-5-21-4210132550-3389855604-3437519686-1139", "distinguishedname": "CN=Laura Lee,CN=Users,DC=intelligence,DC=htb", "highvalue": false, "unconstraineddelegation": false, "passwordnotreqd": false, "enabled": true, "lastlogon": -1, "lastlogontimestamp": -1, "pwdlastset": 1618793381, "dontreqpreauth": false, "pwdneverexpires": true, "sensitive": false, "serviceprincipalnames": [], "hasspn": false, "displayname": null, "email": null, "title": null, "homedirectory": null, "description": null, "userpassword": null, "admincount": false, "sidhistory": []}, "Aces": [{"RightName": "Owner", "AceType": "", "IsInherited": false, "PrincipalSID": "S-1-5-21-4210132550-3389855604-3437519686-512", "PrincipalType": "Group"}, {"RightName": "GenericAll", "AceType": "", "IsInherited": false, "PrincipalSID": "S-1-5-21-4210132550-3389855604-3437519686-512", "PrincipalType": "Group"}, {"RightName": "GenericAll", "AceType": "", "IsInherited": false, "PrincipalSID": "INTELLIGENCE.HTB-S-1-5-32-548", "PrincipalType": "Group"}, {"RightName": "GenericAll", "AceType": "", "IsInherited": true, "PrincipalSID": "S-1-5-21-4210132550-3389855604-3437519686-519", "PrincipalType": "Group"}, {"RightName": "GenericWrite", "AceType": "", "IsInherited": true, "PrincipalSID": "INTELLIGENCE.HTB-S-1-5-32-544", "PrincipalType": "Group"}, {"RightName": "WriteOwner", "AceType": "", "IsInherited": true, "PrincipalSID": "INTELLIGENCE.HTB-S-1-5-32-544", "PrincipalType": "Group"}, {"RightName": "ExtendedRight", "AceType": "All", "IsInherited": true, "PrincipalSID": "INTELLIGENCE.HTB-S-1-5-32-544", "PrincipalType": "Group"}, {"RightName": "WriteDacl", "AceType": "", "IsInherited": true, "PrincipalSID": "INTELLIGENCE.HTB-S-1-5-32-544", "PrincipalType": "Group"}], "SPNTargets": [], "HasSIDHistory": []},{"AllowedToDelegate": [], "ObjectIdentifier": "S-1-5-21-4210132550-3389855604-3437519686-1137", "PrimaryGroupSid": "S-1-5-21-4210132550-3389855604-3437519686-513", "Properties": {"name": "JEREMY.MORA@INTELLIGENCE.HTB", "domain": "INTELLIGENCE.HTB", "objectid": "S-1-5-21-4210132550-3389855604-3437519686-1137", "distinguishedname": "CN=Jeremy Mora,CN=Users,DC=intelligence,DC=htb", "highvalue": false, "unconstraineddelegation": false, "passwordnotreqd": false, "enabled": true, "lastlogon": -1, "lastlogontimestamp": -1, "pwdlastset": 1618793381, "dontreqpreauth": false, "pwdneverexpires": true, "sensitive": false, "serviceprincipalnames": [], "hasspn": false, "displayname": null, "email": null, "title": null, "homedirectory": null, "description": null, "userpassword": null, "admincount": false, "sidhistory": []}, "Aces": [{"RightName": "Owner", "AceType": "", "IsInherited": false, "PrincipalSID": "S-1-5-21-4210132550-3389855604-3437519686-512", "PrincipalType": "Group"}, {"RightName": "GenericAll", "AceType": "", "IsInherited": false, "PrincipalSID": "S-1-5-21-4210132550-3389855604-3437519686-512", "PrincipalType": "Group"}, {"RightName": "GenericAll", "AceType": "", "IsInherited": false, "PrincipalSID": "INTELLIGENCE.HTB-S-1-5-32-548", "PrincipalType": "Group"}, {"RightName": "GenericAll", "AceType": "", "IsInherited": true, "PrincipalSID": "S-1-5-21-4210132550-3389855604-3437519686-519", "PrincipalType": "Group"}, {"RightName": "GenericWrite", "AceType": "", "IsInherited": true, "PrincipalSID": "INTELLIGENCE.HTB-S-1-5-32-544", "PrincipalType": "Group"}, {"RightName": "WriteOwner", "AceType": "", "IsInherited": true, "PrincipalSID": "INTELLIGENCE.HTB-S-1-5-32-544", "PrincipalType": "Group"}, {"RightName": "ExtendedRight", "AceType": "All", "IsInherited": true, "PrincipalSID": "INTELLIGENCE.HTB-S-1-5-32-544", "PrincipalType": "Group"}, {"RightName": "WriteDacl", "AceType": "", "IsInherited": true, "PrincipalSID": "INTELLIGENCE.HTB-S-1-5-32-544", "PrincipalType": "Group"}], "SPNTargets": [], "HasSIDHistory": []},{"AllowedToDelegate": [], "ObjectIdentifier": "S-1-5-21-4210132550-3389855604-3437519686-1136", "PrimaryGroupSid": "S-1-5-21-4210132550-3389855604-3437519686-513", "Properties": {"name": "JAMES.CURBOW@INTELLIGENCE.HTB", "domain": "INTELLIGENCE.HTB", "objectid": "S-1-5-21-4210132550-3389855604-3437519686-1136", "distinguishedname": "CN=James Curbow,CN=Users,DC=intelligence,DC=htb", "highvalue": false, "unconstraineddelegation": false, "passwordnotreqd": false, "enabled": true, "lastlogon": -1, "lastlogontimestamp": -1, "pwdlastset": 1618793381, "dontreqpreauth": false, "pwdneverexpires": true, "sensitive": false, "serviceprincipalnames": [], "hasspn": false, "displayname": null, "email": null, "title": null, "homedirectory": null, "description": null, "userpassword": null, "admincount": false, "sidhistory": []}, "Aces": [{"RightName": "Owner", "AceType": "", "IsInherited": false, "PrincipalSID": "S-1-5-21-4210132550-3389855604-3437519686-512", "PrincipalType": "Group"}, {"RightName": "GenericAll", "AceType": "", "IsInherited": false, "PrincipalSID": "S-1-5-21-4210132550-3389855604-3437519686-512", "PrincipalType": "Group"}, {"RightName": "GenericAll", "AceType": "", "IsInherited": false, "PrincipalSID": "INTELLIGENCE.HTB-S-1-5-32-548", "PrincipalType": "Group"}, {"RightName": "GenericAll", "AceType": "", "IsInherited": true, "PrincipalSID": "S-1-5-21-4210132550-3389855604-3437519686-519", "PrincipalType": "Group"}, {"RightName": "GenericWrite", "AceType": "", "IsInherited": true, "PrincipalSID": "INTELLIGENCE.HTB-S-1-5-32-544", "PrincipalType": "Group"}, {"RightName": "WriteOwner", "AceType": "", "IsInherited": true, "PrincipalSID": "INTELLIGENCE.HTB-S-1-5-32-544", "PrincipalType": "Group"}, {"RightName": "ExtendedRight", "AceType": "All", "IsInherited": true, "PrincipalSID": "INTELLIGENCE.HTB-S-1-5-32-544", "PrincipalType": "Group"}, {"RightName": "WriteDacl", "AceType": "", "IsInherited": true, "PrincipalSID": "INTELLIGENCE.HTB-S-1-5-32-544", "PrincipalType": "Group"}], "SPNTargets": [], "HasSIDHistory": []},{"AllowedToDelegate": [], "ObjectIdentifier": "S-1-5-21-4210132550-3389855604-3437519686-1135", "PrimaryGroupSid": "S-1-5-21-4210132550-3389855604-3437519686-513", "Properties": {"name": "TIFFANY.MOLINA@INTELLIGENCE.HTB", "domain": "INTELLIGENCE.HTB", "objectid": "S-1-5-21-4210132550-3389855604-3437519686-1135", "distinguishedname": "CN=Tiffany Molina,CN=Users,DC=intelligence,DC=htb", "highvalue": false, "unconstraineddelegation": false, "passwordnotreqd": false, "enabled": true, "lastlogon": 1618793506, "lastlogontimestamp": 1670065790, "pwdlastset": 1618793381, "dontreqpreauth": false, "pwdneverexpires": true, "sensitive": false, "serviceprincipalnames": [], "hasspn": false, "displayname": null, "email": null, "title": null, "homedirectory": null, "description": null, "userpassword": null, "admincount": false, "sidhistory": []}, "Aces": [{"RightName": "Owner", "AceType": "", "IsInherited": false, "PrincipalSID": "S-1-5-21-4210132550-3389855604-3437519686-512", "PrincipalType": "Group"}, {"RightName": "GenericAll", "AceType": "", "IsInherited": false, "PrincipalSID": "S-1-5-21-4210132550-3389855604-3437519686-512", "PrincipalType": "Group"}, {"RightName": "GenericAll", "AceType": "", "IsInherited": false, "PrincipalSID": "INTELLIGENCE.HTB-S-1-5-32-548", "PrincipalType": "Group"}, {"RightName": "GenericAll", "AceType": "", "IsInherited": true, "PrincipalSID": "S-1-5-21-4210132550-3389855604-3437519686-519", "PrincipalType": "Group"}, {"RightName": "GenericWrite", "AceType": "", "IsInherited": true, "PrincipalSID": "INTELLIGENCE.HTB-S-1-5-32-544", "PrincipalType": "Group"}, {"RightName": "WriteOwner", "AceType": "", "IsInherited": true, "PrincipalSID": "INTELLIGENCE.HTB-S-1-5-32-544", "PrincipalType": "Group"}, {"RightName": "ExtendedRight", "AceType": "All", "IsInherited": true, "PrincipalSID": "INTELLIGENCE.HTB-S-1-5-32-544", "PrincipalType": "Group"}, {"RightName": "WriteDacl", "AceType": "", "IsInherited": true, "PrincipalSID": "INTELLIGENCE.HTB-S-1-5-32-544", "PrincipalType": "Group"}], "SPNTargets": [], "HasSIDHistory": []},{"AllowedToDelegate": [], "ObjectIdentifier": "S-1-5-21-4210132550-3389855604-3437519686-1134", "PrimaryGroupSid": "S-1-5-21-4210132550-3389855604-3437519686-513", "Properties": {"name": "JESSICA.MOODY@INTELLIGENCE.HTB", "domain": "INTELLIGENCE.HTB", "objectid": "S-1-5-21-4210132550-3389855604-3437519686-1134", "distinguishedname": "CN=Jessica Moody,CN=Users,DC=intelligence,DC=htb", "highvalue": false, "unconstraineddelegation": false, "passwordnotreqd": false, "enabled": true, "lastlogon": -1, "lastlogontimestamp": -1, "pwdlastset": 1618793381, "dontreqpreauth": false, "pwdneverexpires": true, "sensitive": false, "serviceprincipalnames": [], "hasspn": false, "displayname": null, "email": null, "title": null, "homedirectory": null, "description": null, "userpassword": null, "admincount": false, "sidhistory": []}, "Aces": [{"RightName": "Owner", "AceType": "", "IsInherited": false, "PrincipalSID": "S-1-5-21-4210132550-3389855604-3437519686-512", "PrincipalType": "Group"}, {"RightName": "GenericAll", "AceType": "", "IsInherited": false, "PrincipalSID": "S-1-5-21-4210132550-3389855604-3437519686-512", "PrincipalType": "Group"}, {"RightName": "GenericAll", "AceType": "", "IsInherited": false, "PrincipalSID": "INTELLIGENCE.HTB-S-1-5-32-548", "PrincipalType": "Group"}, {"RightName": "GenericAll", "AceType": "", "IsInherited": true, "PrincipalSID": "S-1-5-21-4210132550-3389855604-3437519686-519", "PrincipalType": "Group"}, {"RightName": "GenericWrite", "AceType": "", "IsInherited": true, "PrincipalSID": "INTELLIGENCE.HTB-S-1-5-32-544", "PrincipalType": "Group"}, {"RightName": "WriteOwner", "AceType": "", "IsInherited": true, "PrincipalSID": "INTELLIGENCE.HTB-S-1-5-32-544", "PrincipalType": "Group"}, {"RightName": "ExtendedRight", "AceType": "All", "IsInherited": true, "PrincipalSID": "INTELLIGENCE.HTB-S-1-5-32-544", "PrincipalType": "Group"}, {"RightName": "WriteDacl", "AceType": "", "IsInherited": true, "PrincipalSID": "INTELLIGENCE.HTB-S-1-5-32-544", "PrincipalType": "Group"}], "SPNTargets": [], "HasSIDHistory": []},{"AllowedToDelegate": [], "ObjectIdentifier": "S-1-5-21-4210132550-3389855604-3437519686-1133", "PrimaryGroupSid": "S-1-5-21-4210132550-3389855604-3437519686-513", "Properties": {"name": "DANIEL.SHELTON@INTELLIGENCE.HTB", "domain": "INTELLIGENCE.HTB", "objectid": "S-1-5-21-4210132550-3389855604-3437519686-1133", "distinguishedname": "CN=Daniel Shelton,CN=Users,DC=intelligence,DC=htb", "highvalue": false, "unconstraineddelegation": false, "passwordnotreqd": false, "enabled": true, "lastlogon": -1, "lastlogontimestamp": -1, "pwdlastset": 1618793381, "dontreqpreauth": false, "pwdneverexpires": true, "sensitive": false, "serviceprincipalnames": [], "hasspn": false, "displayname": null, "email": null, "title": null, "homedirectory": null, "description": null, "userpassword": null, "admincount": false, "sidhistory": []}, "Aces": [{"RightName": "Owner", "AceType": "", "IsInherited": false, "PrincipalSID": "S-1-5-21-4210132550-3389855604-3437519686-512", "PrincipalType": "Group"}, {"RightName": "GenericAll", "AceType": "", "IsInherited": false, "PrincipalSID": "S-1-5-21-4210132550-3389855604-3437519686-512", "PrincipalType": "Group"}, {"RightName": "GenericAll", "AceType": "", "IsInherited": false, "PrincipalSID": "INTELLIGENCE.HTB-S-1-5-32-548", "PrincipalType": "Group"}, {"RightName": "GenericAll", "AceType": "", "IsInherited": true, "PrincipalSID": "S-1-5-21-4210132550-3389855604-3437519686-519", "PrincipalType": "Group"}, {"RightName": "GenericWrite", "AceType": "", "IsInherited": true, "PrincipalSID": "INTELLIGENCE.HTB-S-1-5-32-544", "PrincipalType": "Group"}, {"RightName": "WriteOwner", "AceType": "", "IsInherited": true, "PrincipalSID": "INTELLIGENCE.HTB-S-1-5-32-544", "PrincipalType": "Group"}, {"RightName": "ExtendedRight", "AceType": "All", "IsInherited": true, "PrincipalSID": "INTELLIGENCE.HTB-S-1-5-32-544", "PrincipalType": "Group"}, {"RightName": "WriteDacl", "AceType": "", "IsInherited": true, "PrincipalSID": "INTELLIGENCE.HTB-S-1-5-32-544", "PrincipalType": "Group"}], "SPNTargets": [], "HasSIDHistory": []},{"AllowedToDelegate": [], "ObjectIdentifier": "S-1-5-21-4210132550-3389855604-3437519686-1132", "PrimaryGroupSid": "S-1-5-21-4210132550-3389855604-3437519686-513", "Properties": {"name": "BRIAN.MORRIS@INTELLIGENCE.HTB", "domain": "INTELLIGENCE.HTB", "objectid": "S-1-5-21-4210132550-3389855604-3437519686-1132", "distinguishedname": "CN=Brian Morris,CN=Users,DC=intelligence,DC=htb", "highvalue": false, "unconstraineddelegation": false, "passwordnotreqd": false, "enabled": true, "lastlogon": -1, "lastlogontimestamp": -1, "pwdlastset": 1618793381, "dontreqpreauth": false, "pwdneverexpires": true, "sensitive": false, "serviceprincipalnames": [], "hasspn": false, "displayname": null, "email": null, "title": null, "homedirectory": null, "description": null, "userpassword": null, "admincount": false, "sidhistory": []}, "Aces": [{"RightName": "Owner", "AceType": "", "IsInherited": false, "PrincipalSID": "S-1-5-21-4210132550-3389855604-3437519686-512", "PrincipalType": "Group"}, {"RightName": "GenericAll", "AceType": "", "IsInherited": false, "PrincipalSID": "S-1-5-21-4210132550-3389855604-3437519686-512", "PrincipalType": "Group"}, {"RightName": "GenericAll", "AceType": "", "IsInherited": false, "PrincipalSID": "INTELLIGENCE.HTB-S-1-5-32-548", "PrincipalType": "Group"}, {"RightName": "GenericAll", "AceType": "", "IsInherited": true, "PrincipalSID": "S-1-5-21-4210132550-3389855604-3437519686-519", "PrincipalType": "Group"}, {"RightName": "GenericWrite", "AceType": "", "IsInherited": true, "PrincipalSID": "INTELLIGENCE.HTB-S-1-5-32-544", "PrincipalType": "Group"}, {"RightName": "WriteOwner", "AceType": "", "IsInherited": true, "PrincipalSID": "INTELLIGENCE.HTB-S-1-5-32-544", "PrincipalType": "Group"}, {"RightName": "ExtendedRight", "AceType": "All", "IsInherited": true, "PrincipalSID": "INTELLIGENCE.HTB-S-1-5-32-544", "PrincipalType": "Group"}, {"RightName": "WriteDacl", "AceType": "", "IsInherited": true, "PrincipalSID": "INTELLIGENCE.HTB-S-1-5-32-544", "PrincipalType": "Group"}], "SPNTargets": [], "HasSIDHistory": []},{"AllowedToDelegate": [], "ObjectIdentifier": "S-1-5-21-4210132550-3389855604-3437519686-1131", "PrimaryGroupSid": "S-1-5-21-4210132550-3389855604-3437519686-513", "Properties": {"name": "ANITA.ROBERTS@INTELLIGENCE.HTB", "domain": "INTELLIGENCE.HTB", "objectid": "S-1-5-21-4210132550-3389855604-3437519686-1131", "distinguishedname": "CN=Anita Roberts,CN=Users,DC=intelligence,DC=htb", "highvalue": false, "unconstraineddelegation": false, "passwordnotreqd": false, "enabled": true, "lastlogon": -1, "lastlogontimestamp": -1, "pwdlastset": 1618793381, "dontreqpreauth": false, "pwdneverexpires": true, "sensitive": false, "serviceprincipalnames": [], "hasspn": false, "displayname": null, "email": null, "title": null, "homedirectory": null, "description": null, "userpassword": null, "admincount": false, "sidhistory": []}, "Aces": [{"RightName": "Owner", "AceType": "", "IsInherited": false, "PrincipalSID": "S-1-5-21-4210132550-3389855604-3437519686-512", "PrincipalType": "Group"}, {"RightName": "GenericAll", "AceType": "", "IsInherited": false, "PrincipalSID": "S-1-5-21-4210132550-3389855604-3437519686-512", "PrincipalType": "Group"}, {"RightName": "GenericAll", "AceType": "", "IsInherited": false, "PrincipalSID": "INTELLIGENCE.HTB-S-1-5-32-548", "PrincipalType": "Group"}, {"RightName": "GenericAll", "AceType": "", "IsInherited": true, "PrincipalSID": "S-1-5-21-4210132550-3389855604-3437519686-519", "PrincipalType": "Group"}, {"RightName": "GenericWrite", "AceType": "", "IsInherited": true, "PrincipalSID": "INTELLIGENCE.HTB-S-1-5-32-544", "PrincipalType": "Group"}, {"RightName": "WriteOwner", "AceType": "", "IsInherited": true, "PrincipalSID": "INTELLIGENCE.HTB-S-1-5-32-544", "PrincipalType": "Group"}, {"RightName": "ExtendedRight", "AceType": "All", "IsInherited": true, "PrincipalSID": "INTELLIGENCE.HTB-S-1-5-32-544", "PrincipalType": "Group"}, {"RightName": "WriteDacl", "AceType": "", "IsInherited": true, "PrincipalSID": "INTELLIGENCE.HTB-S-1-5-32-544", "PrincipalType": "Group"}], "SPNTargets": [], "HasSIDHistory": []},{"AllowedToDelegate": [], "ObjectIdentifier": "S-1-5-21-4210132550-3389855604-3437519686-1129", "PrimaryGroupSid": "S-1-5-21-4210132550-3389855604-3437519686-513", "Properties": {"name": "JOEL.CRAWFORD@INTELLIGENCE.HTB", "domain": "INTELLIGENCE.HTB", "objectid": "S-1-5-21-4210132550-3389855604-3437519686-1129", "distinguishedname": "CN=Joel Crawford,CN=Users,DC=intelligence,DC=htb", "highvalue": false, "unconstraineddelegation": false, "passwordnotreqd": false, "enabled": true, "lastlogon": -1, "lastlogontimestamp": -1, "pwdlastset": 1618793381, "dontreqpreauth": false, "pwdneverexpires": true, "sensitive": false, "serviceprincipalnames": [], "hasspn": false, "displayname": null, "email": null, "title": null, "homedirectory": null, "description": null, "userpassword": null, "admincount": false, "sidhistory": []}, "Aces": [{"RightName": "Owner", "AceType": "", "IsInherited": false, "PrincipalSID": "S-1-5-21-4210132550-3389855604-3437519686-512", "PrincipalType": "Group"}, {"RightName": "GenericAll", "AceType": "", "IsInherited": false, "PrincipalSID": "S-1-5-21-4210132550-3389855604-3437519686-512", "PrincipalType": "Group"}, {"RightName": "GenericAll", "AceType": "", "IsInherited": false, "PrincipalSID": "INTELLIGENCE.HTB-S-1-5-32-548", "PrincipalType": "Group"}, {"RightName": "GenericAll", "AceType": "", "IsInherited": true, "PrincipalSID": "S-1-5-21-4210132550-3389855604-3437519686-519", "PrincipalType": "Group"}, {"RightName": "GenericWrite", "AceType": "", "IsInherited": true, "PrincipalSID": "INTELLIGENCE.HTB-S-1-5-32-544", "PrincipalType": "Group"}, {"RightName": "WriteOwner", "AceType": "", "IsInherited": true, "PrincipalSID": "INTELLIGENCE.HTB-S-1-5-32-544", "PrincipalType": "Group"}, {"RightName": "ExtendedRight", "AceType": "All", "IsInherited": true, "PrincipalSID": "INTELLIGENCE.HTB-S-1-5-32-544", "PrincipalType": "Group"}, {"RightName": "WriteDacl", "AceType": "", "IsInherited": true, "PrincipalSID": "INTELLIGENCE.HTB-S-1-5-32-544", "PrincipalType": "Group"}], "SPNTargets": [], "HasSIDHistory": []},{"AllowedToDelegate": [], "ObjectIdentifier": "S-1-5-21-4210132550-3389855604-3437519686-1130", "PrimaryGroupSid": "S-1-5-21-4210132550-3389855604-3437519686-513", "Properties": {"name": "JEAN.WALTER@INTELLIGENCE.HTB", "domain": "INTELLIGENCE.HTB", "objectid": "S-1-5-21-4210132550-3389855604-3437519686-1130", "distinguishedname": "CN=Jean Walter,CN=Users,DC=intelligence,DC=htb", "highvalue": false, "unconstraineddelegation": false, "passwordnotreqd": false, "enabled": true, "lastlogon": -1, "lastlogontimestamp": -1, "pwdlastset": 1618793381, "dontreqpreauth": false, "pwdneverexpires": true, "sensitive": false, "serviceprincipalnames": [], "hasspn": false, "displayname": null, "email": null, "title": null, "homedirectory": null, "description": null, "userpassword": null, "admincount": false, "sidhistory": []}, "Aces": [{"RightName": "Owner", "AceType": "", "IsInherited": false, "PrincipalSID": "S-1-5-21-4210132550-3389855604-3437519686-512", "PrincipalType": "Group"}, {"RightName": "GenericAll", "AceType": "", "IsInherited": false, "PrincipalSID": "S-1-5-21-4210132550-3389855604-3437519686-512", "PrincipalType": "Group"}, {"RightName": "GenericAll", "AceType": "", "IsInherited": false, "PrincipalSID": "INTELLIGENCE.HTB-S-1-5-32-548", "PrincipalType": "Group"}, {"RightName": "GenericAll", "AceType": "", "IsInherited": true, "PrincipalSID": "S-1-5-21-4210132550-3389855604-3437519686-519", "PrincipalType": "Group"}, {"RightName": "GenericWrite", "AceType": "", "IsInherited": true, "PrincipalSID": "INTELLIGENCE.HTB-S-1-5-32-544", "PrincipalType": "Group"}, {"RightName": "WriteOwner", "AceType": "", "IsInherited": true, "PrincipalSID": "INTELLIGENCE.HTB-S-1-5-32-544", "PrincipalType": "Group"}, {"RightName": "ExtendedRight", "AceType": "All", "IsInherited": true, "PrincipalSID": "INTELLIGENCE.HTB-S-1-5-32-544", "PrincipalType": "Group"}, {"RightName": "WriteDacl", "AceType": "", "IsInherited": true, "PrincipalSID": "INTELLIGENCE.HTB-S-1-5-32-544", "PrincipalType": "Group"}], "SPNTargets": [], "HasSIDHistory": []},{"AllowedToDelegate": [], "ObjectIdentifier": "S-1-5-21-4210132550-3389855604-3437519686-1128", "PrimaryGroupSid": "S-1-5-21-4210132550-3389855604-3437519686-513", "Properties": {"name": "VERONICA.PATEL@INTELLIGENCE.HTB", "domain": "INTELLIGENCE.HTB", "objectid": "S-1-5-21-4210132550-3389855604-3437519686-1128", "distinguishedname": "CN=Veronica Patel,CN=Users,DC=intelligence,DC=htb", "highvalue": false, "unconstraineddelegation": false, "passwordnotreqd": false, "enabled": true, "lastlogon": -1, "lastlogontimestamp": -1, "pwdlastset": 1618793380, "dontreqpreauth": false, "pwdneverexpires": true, "sensitive": false, "serviceprincipalnames": [], "hasspn": false, "displayname": null, "email": null, "title": null, "homedirectory": null, "description": null, "userpassword": null, "admincount": false, "sidhistory": []}, "Aces": [{"RightName": "Owner", "AceType": "", "IsInherited": false, "PrincipalSID": "S-1-5-21-4210132550-3389855604-3437519686-512", "PrincipalType": "Group"}, {"RightName": "GenericAll", "AceType": "", "IsInherited": false, "PrincipalSID": "S-1-5-21-4210132550-3389855604-3437519686-512", "PrincipalType": "Group"}, {"RightName": "GenericAll", "AceType": "", "IsInherited": false, "PrincipalSID": "INTELLIGENCE.HTB-S-1-5-32-548", "PrincipalType": "Group"}, {"RightName": "GenericAll", "AceType": "", "IsInherited": true, "PrincipalSID": "S-1-5-21-4210132550-3389855604-3437519686-519", "PrincipalType": "Group"}, {"RightName": "GenericWrite", "AceType": "", "IsInherited": true, "PrincipalSID": "INTELLIGENCE.HTB-S-1-5-32-544", "PrincipalType": "Group"}, {"RightName": "WriteOwner", "AceType": "", "IsInherited": true, "PrincipalSID": "INTELLIGENCE.HTB-S-1-5-32-544", "PrincipalType": "Group"}, {"RightName": "ExtendedRight", "AceType": "All", "IsInherited": true, "PrincipalSID": "INTELLIGENCE.HTB-S-1-5-32-544", "PrincipalType": "Group"}, {"RightName": "WriteDacl", "AceType": "", "IsInherited": true, "PrincipalSID": "INTELLIGENCE.HTB-S-1-5-32-544", "PrincipalType": "Group"}], "SPNTargets": [], "HasSIDHistory": []},{"AllowedToDelegate": [], "ObjectIdentifier": "S-1-5-21-4210132550-3389855604-3437519686-1127", "PrimaryGroupSid": "S-1-5-21-4210132550-3389855604-3437519686-513", "Properties": {"name": "THOMAS.WISE@INTELLIGENCE.HTB", "domain": "INTELLIGENCE.HTB", "objectid": "S-1-5-21-4210132550-3389855604-3437519686-1127", "distinguishedname": "CN=Thomas Wise,CN=Users,DC=intelligence,DC=htb", "highvalue": false, "unconstraineddelegation": false, "passwordnotreqd": false, "enabled": true, "lastlogon": -1, "lastlogontimestamp": -1, "pwdlastset": 1618793380, "dontreqpreauth": false, "pwdneverexpires": true, "sensitive": false, "serviceprincipalnames": [], "hasspn": false, "displayname": null, "email": null, "title": null, "homedirectory": null, "description": null, "userpassword": null, "admincount": false, "sidhistory": []}, "Aces": [{"RightName": "Owner", "AceType": "", "IsInherited": false, "PrincipalSID": "S-1-5-21-4210132550-3389855604-3437519686-512", "PrincipalType": "Group"}, {"RightName": "GenericAll", "AceType": "", "IsInherited": false, "PrincipalSID": "S-1-5-21-4210132550-3389855604-3437519686-512", "PrincipalType": "Group"}, {"RightName": "GenericAll", "AceType": "", "IsInherited": false, "PrincipalSID": "INTELLIGENCE.HTB-S-1-5-32-548", "PrincipalType": "Group"}, {"RightName": "GenericAll", "AceType": "", "IsInherited": true, "PrincipalSID": "S-1-5-21-4210132550-3389855604-3437519686-519", "PrincipalType": "Group"}, {"RightName": "GenericWrite", "AceType": "", "IsInherited": true, "PrincipalSID": "INTELLIGENCE.HTB-S-1-5-32-544", "PrincipalType": "Group"}, {"RightName": "WriteOwner", "AceType": "", "IsInherited": true, "PrincipalSID": "INTELLIGENCE.HTB-S-1-5-32-544", "PrincipalType": "Group"}, {"RightName": "ExtendedRight", "AceType": "All", "IsInherited": true, "PrincipalSID": "INTELLIGENCE.HTB-S-1-5-32-544", "PrincipalType": "Group"}, {"RightName": "WriteDacl", "AceType": "", "IsInherited": true, "PrincipalSID": "INTELLIGENCE.HTB-S-1-5-32-544", "PrincipalType": "Group"}], "SPNTargets": [], "HasSIDHistory": []},{"AllowedToDelegate": [], "ObjectIdentifier": "S-1-5-21-4210132550-3389855604-3437519686-1126", "PrimaryGroupSid": "S-1-5-21-4210132550-3389855604-3437519686-513", "Properties": {"name": "WILLIAM.LEE@INTELLIGENCE.HTB", "domain": "INTELLIGENCE.HTB", "objectid": "S-1-5-21-4210132550-3389855604-3437519686-1126", "distinguishedname": "CN=William Lee,CN=Users,DC=intelligence,DC=htb", "highvalue": false, "unconstraineddelegation": false, "passwordnotreqd": false, "enabled": true, "lastlogon": -1, "lastlogontimestamp": -1, "pwdlastset": 1618793380, "dontreqpreauth": false, "pwdneverexpires": true, "sensitive": false, "serviceprincipalnames": [], "hasspn": false, "displayname": null, "email": null, "title": null, "homedirectory": null, "description": null, "userpassword": null, "admincount": false, "sidhistory": []}, "Aces": [{"RightName": "Owner", "AceType": "", "IsInherited": false, "PrincipalSID": "S-1-5-21-4210132550-3389855604-3437519686-512", "PrincipalType": "Group"}, {"RightName": "GenericAll", "AceType": "", "IsInherited": false, "PrincipalSID": "S-1-5-21-4210132550-3389855604-3437519686-512", "PrincipalType": "Group"}, {"RightName": "GenericAll", "AceType": "", "IsInherited": false, "PrincipalSID": "INTELLIGENCE.HTB-S-1-5-32-548", "PrincipalType": "Group"}, {"RightName": "GenericAll", "AceType": "", "IsInherited": true, "PrincipalSID": "S-1-5-21-4210132550-3389855604-3437519686-519", "PrincipalType": "Group"}, {"RightName": "GenericWrite", "AceType": "", "IsInherited": true, "PrincipalSID": "INTELLIGENCE.HTB-S-1-5-32-544", "PrincipalType": "Group"}, {"RightName": "WriteOwner", "AceType": "", "IsInherited": true, "PrincipalSID": "INTELLIGENCE.HTB-S-1-5-32-544", "PrincipalType": "Group"}, {"RightName": "ExtendedRight", "AceType": "All", "IsInherited": true, "PrincipalSID": "INTELLIGENCE.HTB-S-1-5-32-544", "PrincipalType": "Group"}, {"RightName": "WriteDacl", "AceType": "", "IsInherited": true, "PrincipalSID": "INTELLIGENCE.HTB-S-1-5-32-544", "PrincipalType": "Group"}], "SPNTargets": [], "HasSIDHistory": []},{"AllowedToDelegate": [], "ObjectIdentifier": "S-1-5-21-4210132550-3389855604-3437519686-1125", "PrimaryGroupSid": "S-1-5-21-4210132550-3389855604-3437519686-513", "Properties": {"name": "DARRYL.HARRIS@INTELLIGENCE.HTB", "domain": "INTELLIGENCE.HTB", "objectid": "S-1-5-21-4210132550-3389855604-3437519686-1125", "distinguishedname": "CN=Darryl Harris,CN=Users,DC=intelligence,DC=htb", "highvalue": false, "unconstraineddelegation": false, "passwordnotreqd": false, "enabled": true, "lastlogon": -1, "lastlogontimestamp": -1, "pwdlastset": 1618793379, "dontreqpreauth": false, "pwdneverexpires": true, "sensitive": false, "serviceprincipalnames": [], "hasspn": false, "displayname": null, "email": null, "title": null, "homedirectory": null, "description": null, "userpassword": null, "admincount": false, "sidhistory": []}, "Aces": [{"RightName": "Owner", "AceType": "", "IsInherited": false, "PrincipalSID": "S-1-5-21-4210132550-3389855604-3437519686-512", "PrincipalType": "Group"}, {"RightName": "GenericAll", "AceType": "", "IsInherited": false, "PrincipalSID": "S-1-5-21-4210132550-3389855604-3437519686-512", "PrincipalType": "Group"}, {"RightName": "GenericAll", "AceType": "", "IsInherited": false, "PrincipalSID": "INTELLIGENCE.HTB-S-1-5-32-548", "PrincipalType": "Group"}, {"RightName": "GenericAll", "AceType": "", "IsInherited": true, "PrincipalSID": "S-1-5-21-4210132550-3389855604-3437519686-519", "PrincipalType": "Group"}, {"RightName": "GenericWrite", "AceType": "", "IsInherited": true, "PrincipalSID": "INTELLIGENCE.HTB-S-1-5-32-544", "PrincipalType": "Group"}, {"RightName": "WriteOwner", "AceType": "", "IsInherited": true, "PrincipalSID": "INTELLIGENCE.HTB-S-1-5-32-544", "PrincipalType": "Group"}, {"RightName": "ExtendedRight", "AceType": "All", "IsInherited": true, "PrincipalSID": "INTELLIGENCE.HTB-S-1-5-32-544", "PrincipalType": "Group"}, {"RightName": "WriteDacl", "AceType": "", "IsInherited": true, "PrincipalSID": "INTELLIGENCE.HTB-S-1-5-32-544", "PrincipalType": "Group"}], "SPNTargets": [], "HasSIDHistory": []},{"AllowedToDelegate": [], "ObjectIdentifier": "S-1-5-21-4210132550-3389855604-3437519686-1123", "PrimaryGroupSid": "S-1-5-21-4210132550-3389855604-3437519686-513", "Properties": {"name": "TERESA.WILLIAMSON@INTELLIGENCE.HTB", "domain": "INTELLIGENCE.HTB", "objectid": "S-1-5-21-4210132550-3389855604-3437519686-1123", "distinguishedname": "CN=Teresa Williamson,CN=Users,DC=intelligence,DC=htb", "highvalue": false, "unconstraineddelegation": false, "passwordnotreqd": false, "enabled": true, "lastlogon": -1, "lastlogontimestamp": -1, "pwdlastset": 1618793379, "dontreqpreauth": false, "pwdneverexpires": true, "sensitive": false, "serviceprincipalnames": [], "hasspn": false, "displayname": null, "email": null, "title": null, "homedirectory": null, "description": null, "userpassword": null, "admincount": false, "sidhistory": []}, "Aces": [{"RightName": "Owner", "AceType": "", "IsInherited": false, "PrincipalSID": "S-1-5-21-4210132550-3389855604-3437519686-512", "PrincipalType": "Group"}, {"RightName": "GenericAll", "AceType": "", "IsInherited": false, "PrincipalSID": "S-1-5-21-4210132550-3389855604-3437519686-512", "PrincipalType": "Group"}, {"RightName": "GenericAll", "AceType": "", "IsInherited": false, "PrincipalSID": "INTELLIGENCE.HTB-S-1-5-32-548", "PrincipalType": "Group"}, {"RightName": "GenericAll", "AceType": "", "IsInherited": true, "PrincipalSID": "S-1-5-21-4210132550-3389855604-3437519686-519", "PrincipalType": "Group"}, {"RightName": "GenericWrite", "AceType": "", "IsInherited": true, "PrincipalSID": "INTELLIGENCE.HTB-S-1-5-32-544", "PrincipalType": "Group"}, {"RightName": "WriteOwner", "AceType": "", "IsInherited": true, "PrincipalSID": "INTELLIGENCE.HTB-S-1-5-32-544", "PrincipalType": "Group"}, {"RightName": "ExtendedRight", "AceType": "All", "IsInherited": true, "PrincipalSID": "INTELLIGENCE.HTB-S-1-5-32-544", "PrincipalType": "Group"}, {"RightName": "WriteDacl", "AceType": "", "IsInherited": true, "PrincipalSID": "INTELLIGENCE.HTB-S-1-5-32-544", "PrincipalType": "Group"}], "SPNTargets": [], "HasSIDHistory": []},{"AllowedToDelegate": [], "ObjectIdentifier": "S-1-5-21-4210132550-3389855604-3437519686-1124", "PrimaryGroupSid": "S-1-5-21-4210132550-3389855604-3437519686-513", "Properties": {"name": "DAVID.WILSON@INTELLIGENCE.HTB", "domain": "INTELLIGENCE.HTB", "objectid": "S-1-5-21-4210132550-3389855604-3437519686-1124", "distinguishedname": "CN=David Wilson,CN=Users,DC=intelligence,DC=htb", "highvalue": false, "unconstraineddelegation": false, "passwordnotreqd": false, "enabled": true, "lastlogon": -1, "lastlogontimestamp": -1, "pwdlastset": 1618793379, "dontreqpreauth": false, "pwdneverexpires": true, "sensitive": false, "serviceprincipalnames": [], "hasspn": false, "displayname": null, "email": null, "title": null, "homedirectory": null, "description": null, "userpassword": null, "admincount": false, "sidhistory": []}, "Aces": [{"RightName": "Owner", "AceType": "", "IsInherited": false, "PrincipalSID": "S-1-5-21-4210132550-3389855604-3437519686-512", "PrincipalType": "Group"}, {"RightName": "GenericAll", "AceType": "", "IsInherited": false, "PrincipalSID": "S-1-5-21-4210132550-3389855604-3437519686-512", "PrincipalType": "Group"}, {"RightName": "GenericAll", "AceType": "", "IsInherited": false, "PrincipalSID": "INTELLIGENCE.HTB-S-1-5-32-548", "PrincipalType": "Group"}, {"RightName": "GenericAll", "AceType": "", "IsInherited": true, "PrincipalSID": "S-1-5-21-4210132550-3389855604-3437519686-519", "PrincipalType": "Group"}, {"RightName": "GenericWrite", "AceType": "", "IsInherited": true, "PrincipalSID": "INTELLIGENCE.HTB-S-1-5-32-544", "PrincipalType": "Group"}, {"RightName": "WriteOwner", "AceType": "", "IsInherited": true, "PrincipalSID": "INTELLIGENCE.HTB-S-1-5-32-544", "PrincipalType": "Group"}, {"RightName": "ExtendedRight", "AceType": "All", "IsInherited": true, "PrincipalSID": "INTELLIGENCE.HTB-S-1-5-32-544", "PrincipalType": "Group"}, {"RightName": "WriteDacl", "AceType": "", "IsInherited": true, "PrincipalSID": "INTELLIGENCE.HTB-S-1-5-32-544", "PrincipalType": "Group"}], "SPNTargets": [], "HasSIDHistory": []},{"AllowedToDelegate": [], "ObjectIdentifier": "S-1-5-21-4210132550-3389855604-3437519686-1122", "PrimaryGroupSid": "S-1-5-21-4210132550-3389855604-3437519686-513", "Properties": {"name": "RICHARD.WILLIAMS@INTELLIGENCE.HTB", "domain": "INTELLIGENCE.HTB", "objectid": "S-1-5-21-4210132550-3389855604-3437519686-1122", "distinguishedname": "CN=Richard Williams,CN=Users,DC=intelligence,DC=htb", "highvalue": false, "unconstraineddelegation": false, "passwordnotreqd": false, "enabled": true, "lastlogon": -1, "lastlogontimestamp": -1, "pwdlastset": 1618793379, "dontreqpreauth": false, "pwdneverexpires": true, "sensitive": false, "serviceprincipalnames": [], "hasspn": false, "displayname": null, "email": null, "title": null, "homedirectory": null, "description": null, "userpassword": null, "admincount": false, "sidhistory": []}, "Aces": [{"RightName": "Owner", "AceType": "", "IsInherited": false, "PrincipalSID": "S-1-5-21-4210132550-3389855604-3437519686-512", "PrincipalType": "Group"}, {"RightName": "GenericAll", "AceType": "", "IsInherited": false, "PrincipalSID": "S-1-5-21-4210132550-3389855604-3437519686-512", "PrincipalType": "Group"}, {"RightName": "GenericAll", "AceType": "", "IsInherited": false, "PrincipalSID": "INTELLIGENCE.HTB-S-1-5-32-548", "PrincipalType": "Group"}, {"RightName": "GenericAll", "AceType": "", "IsInherited": true, "PrincipalSID": "S-1-5-21-4210132550-3389855604-3437519686-519", "PrincipalType": "Group"}, {"RightName": "GenericWrite", "AceType": "", "IsInherited": true, "PrincipalSID": "INTELLIGENCE.HTB-S-1-5-32-544", "PrincipalType": "Group"}, {"RightName": "WriteOwner", "AceType": "", "IsInherited": true, "PrincipalSID": "INTELLIGENCE.HTB-S-1-5-32-544", "PrincipalType": "Group"}, {"RightName": "ExtendedRight", "AceType": "All", "IsInherited": true, "PrincipalSID": "INTELLIGENCE.HTB-S-1-5-32-544", "PrincipalType": "Group"}, {"RightName": "WriteDacl", "AceType": "", "IsInherited": true, "PrincipalSID": "INTELLIGENCE.HTB-S-1-5-32-544", "PrincipalType": "Group"}], "SPNTargets": [], "HasSIDHistory": []},{"AllowedToDelegate": [], "ObjectIdentifier": "S-1-5-21-4210132550-3389855604-3437519686-1121", "PrimaryGroupSid": "S-1-5-21-4210132550-3389855604-3437519686-513", "Properties": {"name": "BRIAN.BAKER@INTELLIGENCE.HTB", "domain": "INTELLIGENCE.HTB", "objectid": "S-1-5-21-4210132550-3389855604-3437519686-1121", "distinguishedname": "CN=Brian Baker,CN=Users,DC=intelligence,DC=htb", "highvalue": false, "unconstraineddelegation": false, "passwordnotreqd": false, "enabled": true, "lastlogon": -1, "lastlogontimestamp": -1, "pwdlastset": 1618793379, "dontreqpreauth": false, "pwdneverexpires": true, "sensitive": false, "serviceprincipalnames": [], "hasspn": false, "displayname": null, "email": null, "title": null, "homedirectory": null, "description": null, "userpassword": null, "admincount": false, "sidhistory": []}, "Aces": [{"RightName": "Owner", "AceType": "", "IsInherited": false, "PrincipalSID": "S-1-5-21-4210132550-3389855604-3437519686-512", "PrincipalType": "Group"}, {"RightName": "GenericAll", "AceType": "", "IsInherited": false, "PrincipalSID": "S-1-5-21-4210132550-3389855604-3437519686-512", "PrincipalType": "Group"}, {"RightName": "GenericAll", "AceType": "", "IsInherited": false, "PrincipalSID": "INTELLIGENCE.HTB-S-1-5-32-548", "PrincipalType": "Group"}, {"RightName": "GenericAll", "AceType": "", "IsInherited": true, "PrincipalSID": "S-1-5-21-4210132550-3389855604-3437519686-519", "PrincipalType": "Group"}, {"RightName": "GenericWrite", "AceType": "", "IsInherited": true, "PrincipalSID": "INTELLIGENCE.HTB-S-1-5-32-544", "PrincipalType": "Group"}, {"RightName": "WriteOwner", "AceType": "", "IsInherited": true, "PrincipalSID": "INTELLIGENCE.HTB-S-1-5-32-544", "PrincipalType": "Group"}, {"RightName": "ExtendedRight", "AceType": "All", "IsInherited": true, "PrincipalSID": "INTELLIGENCE.HTB-S-1-5-32-544", "PrincipalType": "Group"}, {"RightName": "WriteDacl", "AceType": "", "IsInherited": true, "PrincipalSID": "INTELLIGENCE.HTB-S-1-5-32-544", "PrincipalType": "Group"}], "SPNTargets": [], "HasSIDHistory": []},{"AllowedToDelegate": [], "ObjectIdentifier": "S-1-5-21-4210132550-3389855604-3437519686-1120", "PrimaryGroupSid": "S-1-5-21-4210132550-3389855604-3437519686-513", "Properties": {"name": "THOMAS.HALL@INTELLIGENCE.HTB", "domain": "INTELLIGENCE.HTB", "objectid": "S-1-5-21-4210132550-3389855604-3437519686-1120", "distinguishedname": "CN=Thomas Hall,CN=Users,DC=intelligence,DC=htb", "highvalue": false, "unconstraineddelegation": false, "passwordnotreqd": false, "enabled": true, "lastlogon": -1, "lastlogontimestamp": -1, "pwdlastset": 1618793379, "dontreqpreauth": false, "pwdneverexpires": true, "sensitive": false, "serviceprincipalnames": [], "hasspn": false, "displayname": null, "email": null, "title": null, "homedirectory": null, "description": null, "userpassword": null, "admincount": false, "sidhistory": []}, "Aces": [{"RightName": "Owner", "AceType": "", "IsInherited": false, "PrincipalSID": "S-1-5-21-4210132550-3389855604-3437519686-512", "PrincipalType": "Group"}, {"RightName": "GenericAll", "AceType": "", "IsInherited": false, "PrincipalSID": "S-1-5-21-4210132550-3389855604-3437519686-512", "PrincipalType": "Group"}, {"RightName": "GenericAll", "AceType": "", "IsInherited": false, "PrincipalSID": "INTELLIGENCE.HTB-S-1-5-32-548", "PrincipalType": "Group"}, {"RightName": "GenericAll", "AceType": "", "IsInherited": true, "PrincipalSID": "S-1-5-21-4210132550-3389855604-3437519686-519", "PrincipalType": "Group"}, {"RightName": "GenericWrite", "AceType": "", "IsInherited": true, "PrincipalSID": "INTELLIGENCE.HTB-S-1-5-32-544", "PrincipalType": "Group"}, {"RightName": "WriteOwner", "AceType": "", "IsInherited": true, "PrincipalSID": "INTELLIGENCE.HTB-S-1-5-32-544", "PrincipalType": "Group"}, {"RightName": "ExtendedRight", "AceType": "All", "IsInherited": true, "PrincipalSID": "INTELLIGENCE.HTB-S-1-5-32-544", "PrincipalType": "Group"}, {"RightName": "WriteDacl", "AceType": "", "IsInherited": true, "PrincipalSID": "INTELLIGENCE.HTB-S-1-5-32-544", "PrincipalType": "Group"}], "SPNTargets": [], "HasSIDHistory": []},{"AllowedToDelegate": [], "ObjectIdentifier": "S-1-5-21-4210132550-3389855604-3437519686-1118", "PrimaryGroupSid": "S-1-5-21-4210132550-3389855604-3437519686-513", "Properties": {"name": "JOHN.COLEMAN@INTELLIGENCE.HTB", "domain": "INTELLIGENCE.HTB", "objectid": "S-1-5-21-4210132550-3389855604-3437519686-1118", "distinguishedname": "CN=John Coleman,CN=Users,DC=intelligence,DC=htb", "highvalue": false, "unconstraineddelegation": false, "passwordnotreqd": false, "enabled": true, "lastlogon": -1, "lastlogontimestamp": -1, "pwdlastset": 1618793379, "dontreqpreauth": false, "pwdneverexpires": true, "sensitive": false, "serviceprincipalnames": [], "hasspn": false, "displayname": null, "email": null, "title": null, "homedirectory": null, "description": null, "userpassword": null, "admincount": false, "sidhistory": []}, "Aces": [{"RightName": "Owner", "AceType": "", "IsInherited": false, "PrincipalSID": "S-1-5-21-4210132550-3389855604-3437519686-512", "PrincipalType": "Group"}, {"RightName": "GenericAll", "AceType": "", "IsInherited": false, "PrincipalSID": "S-1-5-21-4210132550-3389855604-3437519686-512", "PrincipalType": "Group"}, {"RightName": "GenericAll", "AceType": "", "IsInherited": false, "PrincipalSID": "INTELLIGENCE.HTB-S-1-5-32-548", "PrincipalType": "Group"}, {"RightName": "GenericAll", "AceType": "", "IsInherited": true, "PrincipalSID": "S-1-5-21-4210132550-3389855604-3437519686-519", "PrincipalType": "Group"}, {"RightName": "GenericWrite", "AceType": "", "IsInherited": true, "PrincipalSID": "INTELLIGENCE.HTB-S-1-5-32-544", "PrincipalType": "Group"}, {"RightName": "WriteOwner", "AceType": "", "IsInherited": true, "PrincipalSID": "INTELLIGENCE.HTB-S-1-5-32-544", "PrincipalType": "Group"}, {"RightName": "ExtendedRight", "AceType": "All", "IsInherited": true, "PrincipalSID": "INTELLIGENCE.HTB-S-1-5-32-544", "PrincipalType": "Group"}, {"RightName": "WriteDacl", "AceType": "", "IsInherited": true, "PrincipalSID": "INTELLIGENCE.HTB-S-1-5-32-544", "PrincipalType": "Group"}], "SPNTargets": [], "HasSIDHistory": []},{"AllowedToDelegate": [], "ObjectIdentifier": "S-1-5-21-4210132550-3389855604-3437519686-1119", "PrimaryGroupSid": "S-1-5-21-4210132550-3389855604-3437519686-513", "Properties": {"name": "THOMAS.VALENZUELA@INTELLIGENCE.HTB", "domain": "INTELLIGENCE.HTB", "objectid": "S-1-5-21-4210132550-3389855604-3437519686-1119", "distinguishedname": "CN=Thomas Valenzuela,CN=Users,DC=intelligence,DC=htb", "highvalue": false, "unconstraineddelegation": false, "passwordnotreqd": false, "enabled": true, "lastlogon": -1, "lastlogontimestamp": -1, "pwdlastset": 1618793379, "dontreqpreauth": false, "pwdneverexpires": true, "sensitive": false, "serviceprincipalnames": [], "hasspn": false, "displayname": null, "email": null, "title": null, "homedirectory": null, "description": null, "userpassword": null, "admincount": false, "sidhistory": []}, "Aces": [{"RightName": "Owner", "AceType": "", "IsInherited": false, "PrincipalSID": "S-1-5-21-4210132550-3389855604-3437519686-512", "PrincipalType": "Group"}, {"RightName": "GenericAll", "AceType": "", "IsInherited": false, "PrincipalSID": "S-1-5-21-4210132550-3389855604-3437519686-512", "PrincipalType": "Group"}, {"RightName": "GenericAll", "AceType": "", "IsInherited": false, "PrincipalSID": "INTELLIGENCE.HTB-S-1-5-32-548", "PrincipalType": "Group"}, {"RightName": "GenericAll", "AceType": "", "IsInherited": true, "PrincipalSID": "S-1-5-21-4210132550-3389855604-3437519686-519", "PrincipalType": "Group"}, {"RightName": "GenericWrite", "AceType": "", "IsInherited": true, "PrincipalSID": "INTELLIGENCE.HTB-S-1-5-32-544", "PrincipalType": "Group"}, {"RightName": "WriteOwner", "AceType": "", "IsInherited": true, "PrincipalSID": "INTELLIGENCE.HTB-S-1-5-32-544", "PrincipalType": "Group"}, {"RightName": "ExtendedRight", "AceType": "All", "IsInherited": true, "PrincipalSID": "INTELLIGENCE.HTB-S-1-5-32-544", "PrincipalType": "Group"}, {"RightName": "WriteDacl", "AceType": "", "IsInherited": true, "PrincipalSID": "INTELLIGENCE.HTB-S-1-5-32-544", "PrincipalType": "Group"}], "SPNTargets": [], "HasSIDHistory": []},{"AllowedToDelegate": [], "ObjectIdentifier": "S-1-5-21-4210132550-3389855604-3437519686-1117", "PrimaryGroupSid": "S-1-5-21-4210132550-3389855604-3437519686-513", "Properties": {"name": "STEPHANIE.YOUNG@INTELLIGENCE.HTB", "domain": "INTELLIGENCE.HTB", "objectid": "S-1-5-21-4210132550-3389855604-3437519686-1117", "distinguishedname": "CN=Stephanie Young,CN=Users,DC=intelligence,DC=htb", "highvalue": false, "unconstraineddelegation": false, "passwordnotreqd": false, "enabled": true, "lastlogon": -1, "lastlogontimestamp": -1, "pwdlastset": 1618793379, "dontreqpreauth": false, "pwdneverexpires": true, "sensitive": false, "serviceprincipalnames": [], "hasspn": false, "displayname": null, "email": null, "title": null, "homedirectory": null, "description": null, "userpassword": null, "admincount": false, "sidhistory": []}, "Aces": [{"RightName": "Owner", "AceType": "", "IsInherited": false, "PrincipalSID": "S-1-5-21-4210132550-3389855604-3437519686-512", "PrincipalType": "Group"}, {"RightName": "GenericAll", "AceType": "", "IsInherited": false, "PrincipalSID": "S-1-5-21-4210132550-3389855604-3437519686-512", "PrincipalType": "Group"}, {"RightName": "GenericAll", "AceType": "", "IsInherited": false, "PrincipalSID": "INTELLIGENCE.HTB-S-1-5-32-548", "PrincipalType": "Group"}, {"RightName": "GenericAll", "AceType": "", "IsInherited": true, "PrincipalSID": "S-1-5-21-4210132550-3389855604-3437519686-519", "PrincipalType": "Group"}, {"RightName": "GenericWrite", "AceType": "", "IsInherited": true, "PrincipalSID": "INTELLIGENCE.HTB-S-1-5-32-544", "PrincipalType": "Group"}, {"RightName": "WriteOwner", "AceType": "", "IsInherited": true, "PrincipalSID": "INTELLIGENCE.HTB-S-1-5-32-544", "PrincipalType": "Group"}, {"RightName": "ExtendedRight", "AceType": "All", "IsInherited": true, "PrincipalSID": "INTELLIGENCE.HTB-S-1-5-32-544", "PrincipalType": "Group"}, {"RightName": "WriteDacl", "AceType": "", "IsInherited": true, "PrincipalSID": "INTELLIGENCE.HTB-S-1-5-32-544", "PrincipalType": "Group"}], "SPNTargets": [], "HasSIDHistory": []},{"AllowedToDelegate": [], "ObjectIdentifier": "S-1-5-21-4210132550-3389855604-3437519686-1116", "PrimaryGroupSid": "S-1-5-21-4210132550-3389855604-3437519686-513", "Properties": {"name": "NICOLE.BROCK@INTELLIGENCE.HTB", "domain": "INTELLIGENCE.HTB", "objectid": "S-1-5-21-4210132550-3389855604-3437519686-1116", "distinguishedname": "CN=Nicole Brock,CN=Users,DC=intelligence,DC=htb", "highvalue": false, "unconstraineddelegation": false, "passwordnotreqd": false, "enabled": true, "lastlogon": -1, "lastlogontimestamp": -1, "pwdlastset": 1618793378, "dontreqpreauth": false, "pwdneverexpires": true, "sensitive": false, "serviceprincipalnames": [], "hasspn": false, "displayname": null, "email": null, "title": null, "homedirectory": null, "description": null, "userpassword": null, "admincount": false, "sidhistory": []}, "Aces": [{"RightName": "Owner", "AceType": "", "IsInherited": false, "PrincipalSID": "S-1-5-21-4210132550-3389855604-3437519686-512", "PrincipalType": "Group"}, {"RightName": "GenericAll", "AceType": "", "IsInherited": false, "PrincipalSID": "S-1-5-21-4210132550-3389855604-3437519686-512", "PrincipalType": "Group"}, {"RightName": "GenericAll", "AceType": "", "IsInherited": false, "PrincipalSID": "INTELLIGENCE.HTB-S-1-5-32-548", "PrincipalType": "Group"}, {"RightName": "GenericAll", "AceType": "", "IsInherited": true, "PrincipalSID": "S-1-5-21-4210132550-3389855604-3437519686-519", "PrincipalType": "Group"}, {"RightName": "GenericWrite", "AceType": "", "IsInherited": true, "PrincipalSID": "INTELLIGENCE.HTB-S-1-5-32-544", "PrincipalType": "Group"}, {"RightName": "WriteOwner", "AceType": "", "IsInherited": true, "PrincipalSID": "INTELLIGENCE.HTB-S-1-5-32-544", "PrincipalType": "Group"}, {"RightName": "ExtendedRight", "AceType": "All", "IsInherited": true, "PrincipalSID": "INTELLIGENCE.HTB-S-1-5-32-544", "PrincipalType": "Group"}, {"RightName": "WriteDacl", "AceType": "", "IsInherited": true, "PrincipalSID": "INTELLIGENCE.HTB-S-1-5-32-544", "PrincipalType": "Group"}], "SPNTargets": [], "HasSIDHistory": []},{"AllowedToDelegate": [], "ObjectIdentifier": "S-1-5-21-4210132550-3389855604-3437519686-1115", "PrimaryGroupSid": "S-1-5-21-4210132550-3389855604-3437519686-513", "Properties": {"name": "KELLY.LONG@INTELLIGENCE.HTB", "domain": "INTELLIGENCE.HTB", "objectid": "S-1-5-21-4210132550-3389855604-3437519686-1115", "distinguishedname": "CN=Kelly Long,CN=Users,DC=intelligence,DC=htb", "highvalue": false, "unconstraineddelegation": false, "passwordnotreqd": false, "enabled": true, "lastlogon": -1, "lastlogontimestamp": -1, "pwdlastset": 1618793378, "dontreqpreauth": false, "pwdneverexpires": true, "sensitive": false, "serviceprincipalnames": [], "hasspn": false, "displayname": null, "email": null, "title": null, "homedirectory": null, "description": null, "userpassword": null, "admincount": false, "sidhistory": []}, "Aces": [{"RightName": "Owner", "AceType": "", "IsInherited": false, "PrincipalSID": "S-1-5-21-4210132550-3389855604-3437519686-512", "PrincipalType": "Group"}, {"RightName": "GenericAll", "AceType": "", "IsInherited": false, "PrincipalSID": "S-1-5-21-4210132550-3389855604-3437519686-512", "PrincipalType": "Group"}, {"RightName": "GenericAll", "AceType": "", "IsInherited": false, "PrincipalSID": "INTELLIGENCE.HTB-S-1-5-32-548", "PrincipalType": "Group"}, {"RightName": "GenericAll", "AceType": "", "IsInherited": true, "PrincipalSID": "S-1-5-21-4210132550-3389855604-3437519686-519", "PrincipalType": "Group"}, {"RightName": "GenericWrite", "AceType": "", "IsInherited": true, "PrincipalSID": "INTELLIGENCE.HTB-S-1-5-32-544", "PrincipalType": "Group"}, {"RightName": "WriteOwner", "AceType": "", "IsInherited": true, "PrincipalSID": "INTELLIGENCE.HTB-S-1-5-32-544", "PrincipalType": "Group"}, {"RightName": "ExtendedRight", "AceType": "All", "IsInherited": true, "PrincipalSID": "INTELLIGENCE.HTB-S-1-5-32-544", "PrincipalType": "Group"}, {"RightName": "WriteDacl", "AceType": "", "IsInherited": true, "PrincipalSID": "INTELLIGENCE.HTB-S-1-5-32-544", "PrincipalType": "Group"}], "SPNTargets": [], "HasSIDHistory": []},{"AllowedToDelegate": [], "ObjectIdentifier": "S-1-5-21-4210132550-3389855604-3437519686-1114", "PrimaryGroupSid": "S-1-5-21-4210132550-3389855604-3437519686-513", "Properties": {"name": "TRAVIS.EVANS@INTELLIGENCE.HTB", "domain": "INTELLIGENCE.HTB", "objectid": "S-1-5-21-4210132550-3389855604-3437519686-1114", "distinguishedname": "CN=Travis Evans,CN=Users,DC=intelligence,DC=htb", "highvalue": false, "unconstraineddelegation": false, "passwordnotreqd": false, "enabled": true, "lastlogon": -1, "lastlogontimestamp": -1, "pwdlastset": 1618793378, "dontreqpreauth": false, "pwdneverexpires": true, "sensitive": false, "serviceprincipalnames": [], "hasspn": false, "displayname": null, "email": null, "title": null, "homedirectory": null, "description": null, "userpassword": null, "admincount": false, "sidhistory": []}, "Aces": [{"RightName": "Owner", "AceType": "", "IsInherited": false, "PrincipalSID": "S-1-5-21-4210132550-3389855604-3437519686-512", "PrincipalType": "Group"}, {"RightName": "GenericAll", "AceType": "", "IsInherited": false, "PrincipalSID": "S-1-5-21-4210132550-3389855604-3437519686-512", "PrincipalType": "Group"}, {"RightName": "GenericAll", "AceType": "", "IsInherited": false, "PrincipalSID": "INTELLIGENCE.HTB-S-1-5-32-548", "PrincipalType": "Group"}, {"RightName": "GenericAll", "AceType": "", "IsInherited": true, "PrincipalSID": "S-1-5-21-4210132550-3389855604-3437519686-519", "PrincipalType": "Group"}, {"RightName": "GenericWrite", "AceType": "", "IsInherited": true, "PrincipalSID": "INTELLIGENCE.HTB-S-1-5-32-544", "PrincipalType": "Group"}, {"RightName": "WriteOwner", "AceType": "", "IsInherited": true, "PrincipalSID": "INTELLIGENCE.HTB-S-1-5-32-544", "PrincipalType": "Group"}, {"RightName": "ExtendedRight", "AceType": "All", "IsInherited": true, "PrincipalSID": "INTELLIGENCE.HTB-S-1-5-32-544", "PrincipalType": "Group"}, {"RightName": "WriteDacl", "AceType": "", "IsInherited": true, "PrincipalSID": "INTELLIGENCE.HTB-S-1-5-32-544", "PrincipalType": "Group"}], "SPNTargets": [], "HasSIDHistory": []},{"AllowedToDelegate": [], "ObjectIdentifier": "S-1-5-21-4210132550-3389855604-3437519686-1113", "PrimaryGroupSid": "S-1-5-21-4210132550-3389855604-3437519686-513", "Properties": {"name": "KAITLYN.ZIMMERMAN@INTELLIGENCE.HTB", "domain": "INTELLIGENCE.HTB", "objectid": "S-1-5-21-4210132550-3389855604-3437519686-1113", "distinguishedname": "CN=Kaitlyn Zimmerman,CN=Users,DC=intelligence,DC=htb", "highvalue": false, "unconstraineddelegation": false, "passwordnotreqd": false, "enabled": true, "lastlogon": -1, "lastlogontimestamp": -1, "pwdlastset": 1618793378, "dontreqpreauth": false, "pwdneverexpires": true, "sensitive": false, "serviceprincipalnames": [], "hasspn": false, "displayname": null, "email": null, "title": null, "homedirectory": null, "description": null, "userpassword": null, "admincount": false, "sidhistory": []}, "Aces": [{"RightName": "Owner", "AceType": "", "IsInherited": false, "PrincipalSID": "S-1-5-21-4210132550-3389855604-3437519686-512", "PrincipalType": "Group"}, {"RightName": "GenericAll", "AceType": "", "IsInherited": false, "PrincipalSID": "S-1-5-21-4210132550-3389855604-3437519686-512", "PrincipalType": "Group"}, {"RightName": "GenericAll", "AceType": "", "IsInherited": false, "PrincipalSID": "INTELLIGENCE.HTB-S-1-5-32-548", "PrincipalType": "Group"}, {"RightName": "GenericAll", "AceType": "", "IsInherited": true, "PrincipalSID": "S-1-5-21-4210132550-3389855604-3437519686-519", "PrincipalType": "Group"}, {"RightName": "GenericWrite", "AceType": "", "IsInherited": true, "PrincipalSID": "INTELLIGENCE.HTB-S-1-5-32-544", "PrincipalType": "Group"}, {"RightName": "WriteOwner", "AceType": "", "IsInherited": true, "PrincipalSID": "INTELLIGENCE.HTB-S-1-5-32-544", "PrincipalType": "Group"}, {"RightName": "ExtendedRight", "AceType": "All", "IsInherited": true, "PrincipalSID": "INTELLIGENCE.HTB-S-1-5-32-544", "PrincipalType": "Group"}, {"RightName": "WriteDacl", "AceType": "", "IsInherited": true, "PrincipalSID": "INTELLIGENCE.HTB-S-1-5-32-544", "PrincipalType": "Group"}], "SPNTargets": [], "HasSIDHistory": []},{"AllowedToDelegate": [], "ObjectIdentifier": "S-1-5-21-4210132550-3389855604-3437519686-1112", "PrimaryGroupSid": "S-1-5-21-4210132550-3389855604-3437519686-513", "Properties": {"name": "JENNIFER.THOMAS@INTELLIGENCE.HTB", "domain": "INTELLIGENCE.HTB", "objectid": "S-1-5-21-4210132550-3389855604-3437519686-1112", "distinguishedname": "CN=Jennifer Thomas,CN=Users,DC=intelligence,DC=htb", "highvalue": false, "unconstraineddelegation": false, "passwordnotreqd": false, "enabled": true, "lastlogon": -1, "lastlogontimestamp": -1, "pwdlastset": 1618793378, "dontreqpreauth": false, "pwdneverexpires": true, "sensitive": false, "serviceprincipalnames": [], "hasspn": false, "displayname": null, "email": null, "title": null, "homedirectory": null, "description": null, "userpassword": null, "admincount": false, "sidhistory": []}, "Aces": [{"RightName": "Owner", "AceType": "", "IsInherited": false, "PrincipalSID": "S-1-5-21-4210132550-3389855604-3437519686-512", "PrincipalType": "Group"}, {"RightName": "GenericAll", "AceType": "", "IsInherited": false, "PrincipalSID": "S-1-5-21-4210132550-3389855604-3437519686-512", "PrincipalType": "Group"}, {"RightName": "GenericAll", "AceType": "", "IsInherited": false, "PrincipalSID": "INTELLIGENCE.HTB-S-1-5-32-548", "PrincipalType": "Group"}, {"RightName": "GenericAll", "AceType": "", "IsInherited": true, "PrincipalSID": "S-1-5-21-4210132550-3389855604-3437519686-519", "PrincipalType": "Group"}, {"RightName": "GenericWrite", "AceType": "", "IsInherited": true, "PrincipalSID": "INTELLIGENCE.HTB-S-1-5-32-544", "PrincipalType": "Group"}, {"RightName": "WriteOwner", "AceType": "", "IsInherited": true, "PrincipalSID": "INTELLIGENCE.HTB-S-1-5-32-544", "PrincipalType": "Group"}, {"RightName": "ExtendedRight", "AceType": "All", "IsInherited": true, "PrincipalSID": "INTELLIGENCE.HTB-S-1-5-32-544", "PrincipalType": "Group"}, {"RightName": "WriteDacl", "AceType": "", "IsInherited": true, "PrincipalSID": "INTELLIGENCE.HTB-S-1-5-32-544", "PrincipalType": "Group"}], "SPNTargets": [], "HasSIDHistory": []},{"AllowedToDelegate": [], "ObjectIdentifier": "S-1-5-21-4210132550-3389855604-3437519686-1111", "PrimaryGroupSid": "S-1-5-21-4210132550-3389855604-3437519686-513", "Properties": {"name": "MICHELLE.KENT@INTELLIGENCE.HTB", "domain": "INTELLIGENCE.HTB", "objectid": "S-1-5-21-4210132550-3389855604-3437519686-1111", "distinguishedname": "CN=Michelle Kent,CN=Users,DC=intelligence,DC=htb", "highvalue": false, "unconstraineddelegation": false, "passwordnotreqd": false, "enabled": true, "lastlogon": -1, "lastlogontimestamp": -1, "pwdlastset": 1618793378, "dontreqpreauth": false, "pwdneverexpires": true, "sensitive": false, "serviceprincipalnames": [], "hasspn": false, "displayname": null, "email": null, "title": null, "homedirectory": null, "description": null, "userpassword": null, "admincount": false, "sidhistory": []}, "Aces": [{"RightName": "Owner", "AceType": "", "IsInherited": false, "PrincipalSID": "S-1-5-21-4210132550-3389855604-3437519686-512", "PrincipalType": "Group"}, {"RightName": "GenericAll", "AceType": "", "IsInherited": false, "PrincipalSID": "S-1-5-21-4210132550-3389855604-3437519686-512", "PrincipalType": "Group"}, {"RightName": "GenericAll", "AceType": "", "IsInherited": false, "PrincipalSID": "INTELLIGENCE.HTB-S-1-5-32-548", "PrincipalType": "Group"}, {"RightName": "GenericAll", "AceType": "", "IsInherited": true, "PrincipalSID": "S-1-5-21-4210132550-3389855604-3437519686-519", "PrincipalType": "Group"}, {"RightName": "GenericWrite", "AceType": "", "IsInherited": true, "PrincipalSID": "INTELLIGENCE.HTB-S-1-5-32-544", "PrincipalType": "Group"}, {"RightName": "WriteOwner", "AceType": "", "IsInherited": true, "PrincipalSID": "INTELLIGENCE.HTB-S-1-5-32-544", "PrincipalType": "Group"}, {"RightName": "ExtendedRight", "AceType": "All", "IsInherited": true, "PrincipalSID": "INTELLIGENCE.HTB-S-1-5-32-544", "PrincipalType": "Group"}, {"RightName": "WriteDacl", "AceType": "", "IsInherited": true, "PrincipalSID": "INTELLIGENCE.HTB-S-1-5-32-544", "PrincipalType": "Group"}], "SPNTargets": [], "HasSIDHistory": []},{"AllowedToDelegate": [], "ObjectIdentifier": "S-1-5-21-4210132550-3389855604-3437519686-1110", "PrimaryGroupSid": "S-1-5-21-4210132550-3389855604-3437519686-513", "Properties": {"name": "IAN.DUNCAN@INTELLIGENCE.HTB", "domain": "INTELLIGENCE.HTB", "objectid": "S-1-5-21-4210132550-3389855604-3437519686-1110", "distinguishedname": "CN=Ian Duncan,CN=Users,DC=intelligence,DC=htb", "highvalue": false, "unconstraineddelegation": false, "passwordnotreqd": false, "enabled": true, "lastlogon": -1, "lastlogontimestamp": -1, "pwdlastset": 1618793378, "dontreqpreauth": false, "pwdneverexpires": true, "sensitive": false, "serviceprincipalnames": [], "hasspn": false, "displayname": null, "email": null, "title": null, "homedirectory": null, "description": null, "userpassword": null, "admincount": false, "sidhistory": []}, "Aces": [{"RightName": "Owner", "AceType": "", "IsInherited": false, "PrincipalSID": "S-1-5-21-4210132550-3389855604-3437519686-512", "PrincipalType": "Group"}, {"RightName": "GenericAll", "AceType": "", "IsInherited": false, "PrincipalSID": "S-1-5-21-4210132550-3389855604-3437519686-512", "PrincipalType": "Group"}, {"RightName": "GenericAll", "AceType": "", "IsInherited": false, "PrincipalSID": "INTELLIGENCE.HTB-S-1-5-32-548", "PrincipalType": "Group"}, {"RightName": "GenericAll", "AceType": "", "IsInherited": true, "PrincipalSID": "S-1-5-21-4210132550-3389855604-3437519686-519", "PrincipalType": "Group"}, {"RightName": "GenericWrite", "AceType": "", "IsInherited": true, "PrincipalSID": "INTELLIGENCE.HTB-S-1-5-32-544", "PrincipalType": "Group"}, {"RightName": "WriteOwner", "AceType": "", "IsInherited": true, "PrincipalSID": "INTELLIGENCE.HTB-S-1-5-32-544", "PrincipalType": "Group"}, {"RightName": "ExtendedRight", "AceType": "All", "IsInherited": true, "PrincipalSID": "INTELLIGENCE.HTB-S-1-5-32-544", "PrincipalType": "Group"}, {"RightName": "WriteDacl", "AceType": "", "IsInherited": true, "PrincipalSID": "INTELLIGENCE.HTB-S-1-5-32-544", "PrincipalType": "Group"}], "SPNTargets": [], "HasSIDHistory": []},{"AllowedToDelegate": [], "ObjectIdentifier": "S-1-5-21-4210132550-3389855604-3437519686-1109", "PrimaryGroupSid": "S-1-5-21-4210132550-3389855604-3437519686-513", "Properties": {"name": "DAVID.REED@INTELLIGENCE.HTB", "domain": "INTELLIGENCE.HTB", "objectid": "S-1-5-21-4210132550-3389855604-3437519686-1109", "distinguishedname": "CN=David Reed,CN=Users,DC=intelligence,DC=htb", "highvalue": false, "unconstraineddelegation": false, "passwordnotreqd": false, "enabled": true, "lastlogon": -1, "lastlogontimestamp": -1, "pwdlastset": 1618793378, "dontreqpreauth": false, "pwdneverexpires": true, "sensitive": false, "serviceprincipalnames": [], "hasspn": false, "displayname": null, "email": null, "title": null, "homedirectory": null, "description": null, "userpassword": null, "admincount": false, "sidhistory": []}, "Aces": [{"RightName": "Owner", "AceType": "", "IsInherited": false, "PrincipalSID": "S-1-5-21-4210132550-3389855604-3437519686-512", "PrincipalType": "Group"}, {"RightName": "GenericAll", "AceType": "", "IsInherited": false, "PrincipalSID": "S-1-5-21-4210132550-3389855604-3437519686-512", "PrincipalType": "Group"}, {"RightName": "GenericAll", "AceType": "", "IsInherited": false, "PrincipalSID": "INTELLIGENCE.HTB-S-1-5-32-548", "PrincipalType": "Group"}, {"RightName": "GenericAll", "AceType": "", "IsInherited": true, "PrincipalSID": "S-1-5-21-4210132550-3389855604-3437519686-519", "PrincipalType": "Group"}, {"RightName": "GenericWrite", "AceType": "", "IsInherited": true, "PrincipalSID": "INTELLIGENCE.HTB-S-1-5-32-544", "PrincipalType": "Group"}, {"RightName": "WriteOwner", "AceType": "", "IsInherited": true, "PrincipalSID": "INTELLIGENCE.HTB-S-1-5-32-544", "PrincipalType": "Group"}, {"RightName": "ExtendedRight", "AceType": "All", "IsInherited": true, "PrincipalSID": "INTELLIGENCE.HTB-S-1-5-32-544", "PrincipalType": "Group"}, {"RightName": "WriteDacl", "AceType": "", "IsInherited": true, "PrincipalSID": "INTELLIGENCE.HTB-S-1-5-32-544", "PrincipalType": "Group"}], "SPNTargets": [], "HasSIDHistory": []},{"AllowedToDelegate": [], "ObjectIdentifier": "S-1-5-21-4210132550-3389855604-3437519686-1108", "PrimaryGroupSid": "S-1-5-21-4210132550-3389855604-3437519686-513", "Properties": {"name": "SCOTT.SCOTT@INTELLIGENCE.HTB", "domain": "INTELLIGENCE.HTB", "objectid": "S-1-5-21-4210132550-3389855604-3437519686-1108", "distinguishedname": "CN=Scott Scott,CN=Users,DC=intelligence,DC=htb", "highvalue": false, "unconstraineddelegation": false, "passwordnotreqd": false, "enabled": true, "lastlogon": -1, "lastlogontimestamp": -1, "pwdlastset": 1618793378, "dontreqpreauth": false, "pwdneverexpires": true, "sensitive": false, "serviceprincipalnames": [], "hasspn": false, "displayname": null, "email": null, "title": null, "homedirectory": null, "description": null, "userpassword": null, "admincount": false, "sidhistory": []}, "Aces": [{"RightName": "Owner", "AceType": "", "IsInherited": false, "PrincipalSID": "S-1-5-21-4210132550-3389855604-3437519686-512", "PrincipalType": "Group"}, {"RightName": "GenericAll", "AceType": "", "IsInherited": false, "PrincipalSID": "S-1-5-21-4210132550-3389855604-3437519686-512", "PrincipalType": "Group"}, {"RightName": "GenericAll", "AceType": "", "IsInherited": false, "PrincipalSID": "INTELLIGENCE.HTB-S-1-5-32-548", "PrincipalType": "Group"}, {"RightName": "GenericAll", "AceType": "", "IsInherited": true, "PrincipalSID": "S-1-5-21-4210132550-3389855604-3437519686-519", "PrincipalType": "Group"}, {"RightName": "GenericWrite", "AceType": "", "IsInherited": true, "PrincipalSID": "INTELLIGENCE.HTB-S-1-5-32-544", "PrincipalType": "Group"}, {"RightName": "WriteOwner", "AceType": "", "IsInherited": true, "PrincipalSID": "INTELLIGENCE.HTB-S-1-5-32-544", "PrincipalType": "Group"}, {"RightName": "ExtendedRight", "AceType": "All", "IsInherited": true, "PrincipalSID": "INTELLIGENCE.HTB-S-1-5-32-544", "PrincipalType": "Group"}, {"RightName": "WriteDacl", "AceType": "", "IsInherited": true, "PrincipalSID": "INTELLIGENCE.HTB-S-1-5-32-544", "PrincipalType": "Group"}], "SPNTargets": [], "HasSIDHistory": []},{"AllowedToDelegate": [], "ObjectIdentifier": "S-1-5-21-4210132550-3389855604-3437519686-1107", "PrimaryGroupSid": "S-1-5-21-4210132550-3389855604-3437519686-513", "Properties": {"name": "DAVID.MCBRIDE@INTELLIGENCE.HTB", "domain": "INTELLIGENCE.HTB", "objectid": "S-1-5-21-4210132550-3389855604-3437519686-1107", "distinguishedname": "CN=David Mcbride,CN=Users,DC=intelligence,DC=htb", "highvalue": false, "unconstraineddelegation": false, "passwordnotreqd": false, "enabled": true, "lastlogon": -1, "lastlogontimestamp": -1, "pwdlastset": 1618793377, "dontreqpreauth": false, "pwdneverexpires": true, "sensitive": false, "serviceprincipalnames": [], "hasspn": false, "displayname": null, "email": null, "title": null, "homedirectory": null, "description": null, "userpassword": null, "admincount": false, "sidhistory": []}, "Aces": [{"RightName": "Owner", "AceType": "", "IsInherited": false, "PrincipalSID": "S-1-5-21-4210132550-3389855604-3437519686-512", "PrincipalType": "Group"}, {"RightName": "GenericAll", "AceType": "", "IsInherited": false, "PrincipalSID": "S-1-5-21-4210132550-3389855604-3437519686-512", "PrincipalType": "Group"}, {"RightName": "GenericAll", "AceType": "", "IsInherited": false, "PrincipalSID": "INTELLIGENCE.HTB-S-1-5-32-548", "PrincipalType": "Group"}, {"RightName": "GenericAll", "AceType": "", "IsInherited": true, "PrincipalSID": "S-1-5-21-4210132550-3389855604-3437519686-519", "PrincipalType": "Group"}, {"RightName": "GenericWrite", "AceType": "", "IsInherited": true, "PrincipalSID": "INTELLIGENCE.HTB-S-1-5-32-544", "PrincipalType": "Group"}, {"RightName": "WriteOwner", "AceType": "", "IsInherited": true, "PrincipalSID": "INTELLIGENCE.HTB-S-1-5-32-544", "PrincipalType": "Group"}, {"RightName": "ExtendedRight", "AceType": "All", "IsInherited": true, "PrincipalSID": "INTELLIGENCE.HTB-S-1-5-32-544", "PrincipalType": "Group"}, {"RightName": "WriteDacl", "AceType": "", "IsInherited": true, "PrincipalSID": "INTELLIGENCE.HTB-S-1-5-32-544", "PrincipalType": "Group"}], "SPNTargets": [], "HasSIDHistory": []},{"AllowedToDelegate": [], "ObjectIdentifier": "S-1-5-21-4210132550-3389855604-3437519686-1106", "PrimaryGroupSid": "S-1-5-21-4210132550-3389855604-3437519686-513", "Properties": {"name": "SAMUEL.RICHARDSON@INTELLIGENCE.HTB", "domain": "INTELLIGENCE.HTB", "objectid": "S-1-5-21-4210132550-3389855604-3437519686-1106", "distinguishedname": "CN=Samuel Richardson,CN=Users,DC=intelligence,DC=htb", "highvalue": false, "unconstraineddelegation": false, "passwordnotreqd": false, "enabled": true, "lastlogon": -1, "lastlogontimestamp": -1, "pwdlastset": 1618793377, "dontreqpreauth": false, "pwdneverexpires": true, "sensitive": false, "serviceprincipalnames": [], "hasspn": false, "displayname": null, "email": null, "title": null, "homedirectory": null, "description": null, "userpassword": null, "admincount": false, "sidhistory": []}, "Aces": [{"RightName": "Owner", "AceType": "", "IsInherited": false, "PrincipalSID": "S-1-5-21-4210132550-3389855604-3437519686-512", "PrincipalType": "Group"}, {"RightName": "GenericAll", "AceType": "", "IsInherited": false, "PrincipalSID": "S-1-5-21-4210132550-3389855604-3437519686-512", "PrincipalType": "Group"}, {"RightName": "GenericAll", "AceType": "", "IsInherited": false, "PrincipalSID": "INTELLIGENCE.HTB-S-1-5-32-548", "PrincipalType": "Group"}, {"RightName": "GenericAll", "AceType": "", "IsInherited": true, "PrincipalSID": "S-1-5-21-4210132550-3389855604-3437519686-519", "PrincipalType": "Group"}, {"RightName": "GenericWrite", "AceType": "", "IsInherited": true, "PrincipalSID": "INTELLIGENCE.HTB-S-1-5-32-544", "PrincipalType": "Group"}, {"RightName": "WriteOwner", "AceType": "", "IsInherited": true, "PrincipalSID": "INTELLIGENCE.HTB-S-1-5-32-544", "PrincipalType": "Group"}, {"RightName": "ExtendedRight", "AceType": "All", "IsInherited": true, "PrincipalSID": "INTELLIGENCE.HTB-S-1-5-32-544", "PrincipalType": "Group"}, {"RightName": "WriteDacl", "AceType": "", "IsInherited": true, "PrincipalSID": "INTELLIGENCE.HTB-S-1-5-32-544", "PrincipalType": "Group"}], "SPNTargets": [], "HasSIDHistory": []},{"AllowedToDelegate": [], "ObjectIdentifier": "S-1-5-21-4210132550-3389855604-3437519686-1105", "PrimaryGroupSid": "S-1-5-21-4210132550-3389855604-3437519686-513", "Properties": {"name": "JASON.WRIGHT@INTELLIGENCE.HTB", "domain": "INTELLIGENCE.HTB", "objectid": "S-1-5-21-4210132550-3389855604-3437519686-1105", "distinguishedname": "CN=Jason Wright,CN=Users,DC=intelligence,DC=htb", "highvalue": false, "unconstraineddelegation": false, "passwordnotreqd": false, "enabled": true, "lastlogon": -1, "lastlogontimestamp": -1, "pwdlastset": 1618793376, "dontreqpreauth": false, "pwdneverexpires": true, "sensitive": false, "serviceprincipalnames": [], "hasspn": false, "displayname": null, "email": null, "title": null, "homedirectory": null, "description": null, "userpassword": null, "admincount": false, "sidhistory": []}, "Aces": [{"RightName": "Owner", "AceType": "", "IsInherited": false, "PrincipalSID": "S-1-5-21-4210132550-3389855604-3437519686-512", "PrincipalType": "Group"}, {"RightName": "GenericAll", "AceType": "", "IsInherited": false, "PrincipalSID": "S-1-5-21-4210132550-3389855604-3437519686-512", "PrincipalType": "Group"}, {"RightName": "GenericAll", "AceType": "", "IsInherited": false, "PrincipalSID": "INTELLIGENCE.HTB-S-1-5-32-548", "PrincipalType": "Group"}, {"RightName": "GenericAll", "AceType": "", "IsInherited": true, "PrincipalSID": "S-1-5-21-4210132550-3389855604-3437519686-519", "PrincipalType": "Group"}, {"RightName": "GenericWrite", "AceType": "", "IsInherited": true, "PrincipalSID": "INTELLIGENCE.HTB-S-1-5-32-544", "PrincipalType": "Group"}, {"RightName": "WriteOwner", "AceType": "", "IsInherited": true, "PrincipalSID": "INTELLIGENCE.HTB-S-1-5-32-544", "PrincipalType": "Group"}, {"RightName": "ExtendedRight", "AceType": "All", "IsInherited": true, "PrincipalSID": "INTELLIGENCE.HTB-S-1-5-32-544", "PrincipalType": "Group"}, {"RightName": "WriteDacl", "AceType": "", "IsInherited": true, "PrincipalSID": "INTELLIGENCE.HTB-S-1-5-32-544", "PrincipalType": "Group"}], "SPNTargets": [], "HasSIDHistory": []},{"AllowedToDelegate": [], "ObjectIdentifier": "S-1-5-21-4210132550-3389855604-3437519686-1104", "PrimaryGroupSid": "S-1-5-21-4210132550-3389855604-3437519686-513", "Properties": {"name": "JOSE.WILLIAMS@INTELLIGENCE.HTB", "domain": "INTELLIGENCE.HTB", "objectid": "S-1-5-21-4210132550-3389855604-3437519686-1104", "distinguishedname": "CN=Jose Williams,CN=Users,DC=intelligence,DC=htb", "highvalue": false, "unconstraineddelegation": false, "passwordnotreqd": false, "enabled": true, "lastlogon": -1, "lastlogontimestamp": -1, "pwdlastset": 1618793375, "dontreqpreauth": false, "pwdneverexpires": true, "sensitive": false, "serviceprincipalnames": [], "hasspn": false, "displayname": null, "email": null, "title": null, "homedirectory": null, "description": null, "userpassword": null, "admincount": false, "sidhistory": []}, "Aces": [{"RightName": "Owner", "AceType": "", "IsInherited": false, "PrincipalSID": "S-1-5-21-4210132550-3389855604-3437519686-512", "PrincipalType": "Group"}, {"RightName": "GenericAll", "AceType": "", "IsInherited": false, "PrincipalSID": "S-1-5-21-4210132550-3389855604-3437519686-512", "PrincipalType": "Group"}, {"RightName": "GenericAll", "AceType": "", "IsInherited": false, "PrincipalSID": "INTELLIGENCE.HTB-S-1-5-32-548", "PrincipalType": "Group"}, {"RightName": "GenericAll", "AceType": "", "IsInherited": true, "PrincipalSID": "S-1-5-21-4210132550-3389855604-3437519686-519", "PrincipalType": "Group"}, {"RightName": "GenericWrite", "AceType": "", "IsInherited": true, "PrincipalSID": "INTELLIGENCE.HTB-S-1-5-32-544", "PrincipalType": "Group"}, {"RightName": "WriteOwner", "AceType": "", "IsInherited": true, "PrincipalSID": "INTELLIGENCE.HTB-S-1-5-32-544", "PrincipalType": "Group"}, {"RightName": "ExtendedRight", "AceType": "All", "IsInherited": true, "PrincipalSID": "INTELLIGENCE.HTB-S-1-5-32-544", "PrincipalType": "Group"}, {"RightName": "WriteDacl", "AceType": "", "IsInherited": true, "PrincipalSID": "INTELLIGENCE.HTB-S-1-5-32-544", "PrincipalType": "Group"}], "SPNTargets": [], "HasSIDHistory": []},{"AllowedToDelegate": [], "ObjectIdentifier": "S-1-5-21-4210132550-3389855604-3437519686-502", "PrimaryGroupSid": "S-1-5-21-4210132550-3389855604-3437519686-513", "Properties": {"name": "KRBTGT@INTELLIGENCE.HTB", "domain": "INTELLIGENCE.HTB", "objectid": "S-1-5-21-4210132550-3389855604-3437519686-502", "distinguishedname": "CN=krbtgt,CN=Users,DC=intelligence,DC=htb", "highvalue": false, "unconstraineddelegation": false, "passwordnotreqd": false, "enabled": false, "lastlogon": -1, "lastlogontimestamp": -1, "pwdlastset": 1618792962, "dontreqpreauth": false, "pwdneverexpires": true, "sensitive": false, "serviceprincipalnames": ["kadmin/changepw"], "hasspn": true, "displayname": null, "email": null, "title": null, "homedirectory": null, "description": "Key Distribution Center Service Account", "userpassword": null, "admincount": true, "sidhistory": []}, "Aces": [{"RightName": "Owner", "AceType": "", "IsInherited": false, "PrincipalSID": "S-1-5-21-4210132550-3389855604-3437519686-512", "PrincipalType": "Group"}, {"RightName": "GenericWrite", "AceType": "", "IsInherited": false, "PrincipalSID": "S-1-5-21-4210132550-3389855604-3437519686-512", "PrincipalType": "Group"}, {"RightName": "WriteOwner", "AceType": "", "IsInherited": false, "PrincipalSID": "S-1-5-21-4210132550-3389855604-3437519686-512", "PrincipalType": "Group"}, {"RightName": "ExtendedRight", "AceType": "All", "IsInherited": false, "PrincipalSID": "S-1-5-21-4210132550-3389855604-3437519686-512", "PrincipalType": "Group"}, {"RightName": "WriteDacl", "AceType": "", "IsInherited": false, "PrincipalSID": "S-1-5-21-4210132550-3389855604-3437519686-512", "PrincipalType": "Group"}, {"RightName": "GenericWrite", "AceType": "", "IsInherited": false, "PrincipalSID": "S-1-5-21-4210132550-3389855604-3437519686-519", "PrincipalType": "Group"}, {"RightName": "WriteOwner", "AceType": "", "IsInherited": false, "PrincipalSID": "S-1-5-21-4210132550-3389855604-3437519686-519", "PrincipalType": "Group"}, {"RightName": "ExtendedRight", "AceType": "All", "IsInherited": false, "PrincipalSID": "S-1-5-21-4210132550-3389855604-3437519686-519", "PrincipalType": "Group"}, {"RightName": "WriteDacl", "AceType": "", "IsInherited": false, "PrincipalSID": "S-1-5-21-4210132550-3389855604-3437519686-519", "PrincipalType": "Group"}, {"RightName": "GenericWrite", "AceType": "", "IsInherited": false, "PrincipalSID": "INTELLIGENCE.HTB-S-1-5-32-544", "PrincipalType": "Group"}, {"RightName": "WriteOwner", "AceType": "", "IsInherited": false, "PrincipalSID": "INTELLIGENCE.HTB-S-1-5-32-544", "PrincipalType": "Group"}, {"RightName": "ExtendedRight", "AceType": "All", "IsInherited": false, "PrincipalSID": "INTELLIGENCE.HTB-S-1-5-32-544", "PrincipalType": "Group"}, {"RightName": "WriteDacl", "AceType": "", "IsInherited": false, "PrincipalSID": "INTELLIGENCE.HTB-S-1-5-32-544", "PrincipalType": "Group"}], "SPNTargets": [], "HasSIDHistory": []},{"AllowedToDelegate": [], "ObjectIdentifier": "S-1-5-21-4210132550-3389855604-3437519686-1103", "PrimaryGroupSid": "S-1-5-21-4210132550-3389855604-3437519686-513", "Properties": {"name": "DANNY.MATTHEWS@INTELLIGENCE.HTB", "domain": "INTELLIGENCE.HTB", "objectid": "S-1-5-21-4210132550-3389855604-3437519686-1103", "distinguishedname": "CN=Danny Matthews,CN=Users,DC=intelligence,DC=htb", "highvalue": false, "unconstraineddelegation": false, "passwordnotreqd": false, "enabled": true, "lastlogon": -1, "lastlogontimestamp": -1, "pwdlastset": 1618793374, "dontreqpreauth": false, "pwdneverexpires": true, "sensitive": false, "serviceprincipalnames": [], "hasspn": false, "displayname": null, "email": null, "title": null, "homedirectory": null, "description": null, "userpassword": null, "admincount": false, "sidhistory": []}, "Aces": [{"RightName": "Owner", "AceType": "", "IsInherited": false, "PrincipalSID": "S-1-5-21-4210132550-3389855604-3437519686-512", "PrincipalType": "Group"}, {"RightName": "GenericAll", "AceType": "", "IsInherited": false, "PrincipalSID": "S-1-5-21-4210132550-3389855604-3437519686-512", "PrincipalType": "Group"}, {"RightName": "GenericAll", "AceType": "", "IsInherited": false, "PrincipalSID": "INTELLIGENCE.HTB-S-1-5-32-548", "PrincipalType": "Group"}, {"RightName": "GenericAll", "AceType": "", "IsInherited": true, "PrincipalSID": "S-1-5-21-4210132550-3389855604-3437519686-519", "PrincipalType": "Group"}, {"RightName": "GenericWrite", "AceType": "", "IsInherited": true, "PrincipalSID": "INTELLIGENCE.HTB-S-1-5-32-544", "PrincipalType": "Group"}, {"RightName": "WriteOwner", "AceType": "", "IsInherited": true, "PrincipalSID": "INTELLIGENCE.HTB-S-1-5-32-544", "PrincipalType": "Group"}, {"RightName": "ExtendedRight", "AceType": "All", "IsInherited": true, "PrincipalSID": "INTELLIGENCE.HTB-S-1-5-32-544", "PrincipalType": "Group"}, {"RightName": "WriteDacl", "AceType": "", "IsInherited": true, "PrincipalSID": "INTELLIGENCE.HTB-S-1-5-32-544", "PrincipalType": "Group"}], "SPNTargets": [], "HasSIDHistory": []},{"AllowedToDelegate": [], "ObjectIdentifier": "S-1-5-21-4210132550-3389855604-3437519686-500", "PrimaryGroupSid": "S-1-5-21-4210132550-3389855604-3437519686-513", "Properties": {"name": "ADMINISTRATOR@INTELLIGENCE.HTB", "domain": "INTELLIGENCE.HTB", "objectid": "S-1-5-21-4210132550-3389855604-3437519686-500", "distinguishedname": "CN=Administrator,CN=Users,DC=intelligence,DC=htb", "highvalue": false, "unconstraineddelegation": false, "passwordnotreqd": false, "enabled": true, "lastlogon": 1670065447, "lastlogontimestamp": 1670065433, "pwdlastset": 1618791517, "dontreqpreauth": false, "pwdneverexpires": true, "sensitive": false, "serviceprincipalnames": [], "hasspn": false, "displayname": null, "email": null, "title": null, "homedirectory": null, "description": "Built-in account for administering the computer/domain", "userpassword": null, "admincount": true, "sidhistory": []}, "Aces": [{"RightName": "Owner", "AceType": "", "IsInherited": false, "PrincipalSID": "S-1-5-21-4210132550-3389855604-3437519686-512", "PrincipalType": "Group"}, {"RightName": "GenericWrite", "AceType": "", "IsInherited": false, "PrincipalSID": "S-1-5-21-4210132550-3389855604-3437519686-512", "PrincipalType": "Group"}, {"RightName": "WriteOwner", "AceType": "", "IsInherited": false, "PrincipalSID": "S-1-5-21-4210132550-3389855604-3437519686-512", "PrincipalType": "Group"}, {"RightName": "ExtendedRight", "AceType": "All", "IsInherited": false, "PrincipalSID": "S-1-5-21-4210132550-3389855604-3437519686-512", "PrincipalType": "Group"}, {"RightName": "WriteDacl", "AceType": "", "IsInherited": false, "PrincipalSID": "S-1-5-21-4210132550-3389855604-3437519686-512", "PrincipalType": "Group"}, {"RightName": "GenericWrite", "AceType": "", "IsInherited": false, "PrincipalSID": "S-1-5-21-4210132550-3389855604-3437519686-519", "PrincipalType": "Group"}, {"RightName": "WriteOwner", "AceType": "", "IsInherited": false, "PrincipalSID": "S-1-5-21-4210132550-3389855604-3437519686-519", "PrincipalType": "Group"}, {"RightName": "ExtendedRight", "AceType": "All", "IsInherited": false, "PrincipalSID": "S-1-5-21-4210132550-3389855604-3437519686-519", "PrincipalType": "Group"}, {"RightName": "WriteDacl", "AceType": "", "IsInherited": false, "PrincipalSID": "S-1-5-21-4210132550-3389855604-3437519686-519", "PrincipalType": "Group"}, {"RightName": "GenericWrite", "AceType": "", "IsInherited": false, "PrincipalSID": "INTELLIGENCE.HTB-S-1-5-32-544", "PrincipalType": "Group"}, {"RightName": "WriteOwner", "AceType": "", "IsInherited": false, "PrincipalSID": "INTELLIGENCE.HTB-S-1-5-32-544", "PrincipalType": "Group"}, {"RightName": "ExtendedRight", "AceType": "All", "IsInherited": false, "PrincipalSID": "INTELLIGENCE.HTB-S-1-5-32-544", "PrincipalType": "Group"}, {"RightName": "WriteDacl", "AceType": "", "IsInherited": false, "PrincipalSID": "INTELLIGENCE.HTB-S-1-5-32-544", "PrincipalType": "Group"}], "SPNTargets": [], "HasSIDHistory": []},{"AllowedToDelegate": [], "ObjectIdentifier": "S-1-5-21-4210132550-3389855604-3437519686-501", "PrimaryGroupSid": "S-1-5-21-4210132550-3389855604-3437519686-514", "Properties": {"name": "GUEST@INTELLIGENCE.HTB", "domain": "INTELLIGENCE.HTB", "objectid": "S-1-5-21-4210132550-3389855604-3437519686-501", "distinguishedname": "CN=Guest,CN=Users,DC=intelligence,DC=htb", "highvalue": false, "unconstraineddelegation": false, "passwordnotreqd": true, "enabled": false, "lastlogon": -1, "lastlogontimestamp": -1, "pwdlastset": -1, "dontreqpreauth": false, "pwdneverexpires": true, "sensitive": false, "serviceprincipalnames": [], "hasspn": false, "displayname": null, "email": null, "title": null, "homedirectory": null, "description": "Built-in account for guest access to the computer/domain", "userpassword": null, "admincount": false, "sidhistory": []}, "Aces": [{"RightName": "Owner", "AceType": "", "IsInherited": false, "PrincipalSID": "INTELLIGENCE.HTB-S-1-5-32-544", "PrincipalType": "Group"}, {"RightName": "GenericAll", "AceType": "", "IsInherited": false, "PrincipalSID": "S-1-5-21-4210132550-3389855604-3437519686-512", "PrincipalType": "Group"}, {"RightName": "GenericAll", "AceType": "", "IsInherited": false, "PrincipalSID": "INTELLIGENCE.HTB-S-1-5-32-548", "PrincipalType": "Group"}, {"RightName": "GenericAll", "AceType": "", "IsInherited": true, "PrincipalSID": "S-1-5-21-4210132550-3389855604-3437519686-519", "PrincipalType": "Group"}, {"RightName": "GenericWrite", "AceType": "", "IsInherited": true, "PrincipalSID": "INTELLIGENCE.HTB-S-1-5-32-544", "PrincipalType": "Group"}, {"RightName": "WriteOwner", "AceType": "", "IsInherited": true, "PrincipalSID": "INTELLIGENCE.HTB-S-1-5-32-544", "PrincipalType": "Group"}, {"RightName": "ExtendedRight", "AceType": "All", "IsInherited": true, "PrincipalSID": "INTELLIGENCE.HTB-S-1-5-32-544", "PrincipalType": "Group"}, {"RightName": "WriteDacl", "AceType": "", "IsInherited": true, "PrincipalSID": "INTELLIGENCE.HTB-S-1-5-32-544", "PrincipalType": "Group"}], "SPNTargets": [], "HasSIDHistory": []}],"meta":{"type":"users","count":42, "version":3}}