﻿{"data":[{"Properties":{"domain":"RETURN.LOCAL","name":"PRINTER.RETURN.LOCAL","distinguishedname":"CN=PRINTER,OU=DOMAIN CONTROLLERS,DC=RETURN,DC=LOCAL","domainsid":"S-1-5-21-3750359090-2939318659-876128439","highvalue":false,"samaccountname":"PRINTER$","haslaps":false,"description":null,"whencreated":1621492014,"enabled":true,"unconstraineddelegation":true,"trustedtoauth":false,"lastlogon":1669592473,"lastlogontimestamp":1669556479,"pwdlastset":1669556455,"serviceprincipalnames":["Dfsr-12F9A27C-BF97-4787-9364-D31B6C55EB04/printer.return.local","ldap/WIN-HQU2BCQL89C/RETURN","HOST/WIN-HQU2BCQL89C/return.local","ldap/WIN-HQU2BCQL89C/ForestDnsZones.return.local","HOST/WIN-HQU2BCQL89C/RETURN","ldap/PRINTER/ForestDnsZones.return.local","ldap/WIN-HQU2BCQL89C/DomainDnsZones.return.local","HOST/PRINTER/return.local","ldap/PRINTER/DomainDnsZones.return.local","GC/PRINTER/return.local","ldap/WIN-HQU2BCQL89C/return.local","GC/WIN-HQU2BCQL89C/return.local","ldap/PRINTER/return.local","RestrictedKrbHost/WIN-HQU2BCQL89C","HOST/WIN-HQU2BCQL89C","ldap/WIN-HQU2BCQL89C","HOST/PRINTER/RETURN","ldap/PRINTER/RETURN","ldap/printer.return.local/ForestDnsZones.return.local","ldap/printer.return.local/DomainDnsZones.return.local","DNS/printer.return.local","GC/printer.return.local/return.local","RestrictedKrbHost/printer.return.local","RestrictedKrbHost/PRINTER","HOST/printer.return.local/RETURN","HOST/PRINTER","HOST/printer.return.local","HOST/printer.return.local/return.local","ldap/printer.return.local/RETURN","ldap/PRINTER","ldap/printer.return.local","ldap/printer.return.local/return.local","RPC/c2a9b7bb-a190-4065-b4d6-f373b72005f0._msdcs.return.local","E3514235-4B06-11D1-AB04-00C04FC2DCD2/c2a9b7bb-a190-4065-b4d6-f373b72005f0/return.local","ldap/c2a9b7bb-a190-4065-b4d6-f373b72005f0._msdcs.return.local"],"operatingsystem":"Windows Server 2019 Standard","sidhistory":[]},"PrimaryGroupSID":"S-1-5-21-3750359090-2939318659-876128439-516","AllowedToDelegate":[],"AllowedToAct":[],"HasSIDHistory":[],"Sessions":{"Results":[],"Collected":true,"FailureReason":null},"PrivilegedSessions":{"Results":[],"Collected":false,"FailureReason":null},"RegistrySessions":{"Results":[],"Collected":false,"FailureReason":null},"LocalAdmins":{"Results":[{"ObjectIdentifier":"S-1-5-21-3750359090-2939318659-876128439-500","ObjectType":"User"},{"ObjectIdentifier":"S-1-5-21-3750359090-2939318659-876128439-519","ObjectType":"Group"},{"ObjectIdentifier":"S-1-5-21-3750359090-2939318659-876128439-512","ObjectType":"Group"}],"Collected":true,"FailureReason":null},"RemoteDesktopUsers":{"Results":[],"Collected":true,"FailureReason":null},"DcomUsers":{"Results":[],"Collected":true,"FailureReason":null},"PSRemoteUsers":{"Results":[{"ObjectIdentifier":"S-1-5-21-3750359090-2939318659-876128439-1103","ObjectType":"User"}],"Collected":true,"FailureReason":null},"Status":null,"Aces":[{"PrincipalSID":"S-1-5-21-3750359090-2939318659-876128439-512","PrincipalType":"Group","RightName":"Owns","IsInherited":false},{"PrincipalSID":"S-1-5-21-3750359090-2939318659-876128439-512","PrincipalType":"Group","RightName":"GenericAll","IsInherited":false},{"PrincipalSID":"S-1-5-21-3750359090-2939318659-876128439-526","PrincipalType":"Group","RightName":"AddKeyCredentialLink","IsInherited":true},{"PrincipalSID":"S-1-5-21-3750359090-2939318659-876128439-527","PrincipalType":"Group","RightName":"AddKeyCredentialLink","IsInherited":true},{"PrincipalSID":"S-1-5-21-3750359090-2939318659-876128439-519","PrincipalType":"Group","RightName":"GenericAll","IsInherited":true},{"PrincipalSID":"RETURN.LOCAL-S-1-5-32-544","PrincipalType":"Group","RightName":"WriteDacl","IsInherited":true},{"PrincipalSID":"RETURN.LOCAL-S-1-5-32-544","PrincipalType":"Group","RightName":"WriteOwner","IsInherited":true},{"PrincipalSID":"RETURN.LOCAL-S-1-5-32-544","PrincipalType":"Group","RightName":"GenericWrite","IsInherited":true}],"ObjectIdentifier":"S-1-5-21-3750359090-2939318659-876128439-1000","IsDeleted":false,"IsACLProtected":false}],"meta":{"methods":29675,"type":"computers","count":1,"version":5}}