﻿{"data":[{"GPOChanges":{"LocalAdmins":[],"RemoteDesktopUsers":[],"DcomUsers":[],"PSRemoteUsers":[],"AffectedComputers":[]},"Properties":{"domain":"RETURN.LOCAL","name":"DOMAIN CONTROLLERS@RETURN.LOCAL","distinguishedname":"OU=DOMAIN CONTROLLERS,DC=RETURN,DC=LOCAL","domainsid":"S-1-5-21-3750359090-2939318659-876128439","highvalue":false,"description":"Default container for domain controllers","whencreated":1621491958,"blocksinheritance":false},"Links":[{"IsEnforced":false,"GUID":"76345794-206B-44CB-B8C6-A6319299CA8A"}],"ChildObjects":[{"ObjectIdentifier":"S-1-5-21-3750359090-2939318659-876128439-1000","ObjectType":"Computer"}],"Aces":[{"PrincipalSID":"S-1-5-21-3750359090-2939318659-876128439-512","PrincipalType":"Group","RightName":"Owns","IsInherited":false},{"PrincipalSID":"S-1-5-21-3750359090-2939318659-876128439-512","PrincipalType":"Group","RightName":"WriteDacl","IsInherited":false},{"PrincipalSID":"S-1-5-21-3750359090-2939318659-876128439-512","PrincipalType":"Group","RightName":"WriteOwner","IsInherited":false},{"PrincipalSID":"S-1-5-21-3750359090-2939318659-876128439-519","PrincipalType":"Group","RightName":"GenericAll","IsInherited":true},{"PrincipalSID":"RETURN.LOCAL-S-1-5-32-544","PrincipalType":"Group","RightName":"WriteDacl","IsInherited":true},{"PrincipalSID":"RETURN.LOCAL-S-1-5-32-544","PrincipalType":"Group","RightName":"WriteOwner","IsInherited":true}],"ObjectIdentifier":"F182D92B-14CD-48A9-969F-EDED8DC41789","IsDeleted":false,"IsACLProtected":false}],"meta":{"methods":29675,"type":"ous","count":1,"version":5}}