﻿{"data":[{"GPOChanges":{"LocalAdmins":[],"RemoteDesktopUsers":[],"DcomUsers":[],"PSRemoteUsers":[],"AffectedComputers":[]},"Properties":{"domain":"RETURN.LOCAL","name":"RETURN.LOCAL","distinguishedname":"DC=RETURN,DC=LOCAL","domainsid":"S-1-5-21-3750359090-2939318659-876128439","highvalue":true,"description":null,"whencreated":1621491946,"functionallevel":"2016"},"ChildObjects":[{"ObjectIdentifier":"F04724FD-6B14-4B84-B565-E23447249C23","ObjectType":"Container"},{"ObjectIdentifier":"F182D92B-14CD-48A9-969F-EDED8DC41789","ObjectType":"OU"},{"ObjectIdentifier":"F2E677CF-3A59-4989-978A-EE3C566496B1","ObjectType":"Container"},{"ObjectIdentifier":"F408057F-B95C-484E-9605-15F8497F4D11","ObjectType":"Container"},{"ObjectIdentifier":"452C6F78-1B09-4B17-AE83-59D2CAC99273","ObjectType":"Container"}],"Trusts":[],"Links":[{"IsEnforced":false,"GUID":"1D17A2B7-4E61-4D8E-AA6D-005D1A7BCF20"}],"Aces":[{"PrincipalSID":"RETURN.LOCAL-S-1-5-32-544","PrincipalType":"Group","RightName":"Owns","IsInherited":false},{"PrincipalSID":"RETURN.LOCAL-S-1-5-32-544","PrincipalType":"Group","RightName":"WriteDacl","IsInherited":false},{"PrincipalSID":"RETURN.LOCAL-S-1-5-32-544","PrincipalType":"Group","RightName":"WriteOwner","IsInherited":false},{"PrincipalSID":"RETURN.LOCAL-S-1-5-32-544","PrincipalType":"Group","RightName":"AllExtendedRights","IsInherited":false},{"PrincipalSID":"S-1-5-21-3750359090-2939318659-876128439-512","PrincipalType":"Group","RightName":"WriteDacl","IsInherited":false},{"PrincipalSID":"S-1-5-21-3750359090-2939318659-876128439-512","PrincipalType":"Group","RightName":"WriteOwner","IsInherited":false},{"PrincipalSID":"S-1-5-21-3750359090-2939318659-876128439-512","PrincipalType":"Group","RightName":"AllExtendedRights","IsInherited":false},{"PrincipalSID":"S-1-5-21-3750359090-2939318659-876128439-519","PrincipalType":"Group","RightName":"GenericAll","IsInherited":false},{"PrincipalSID":"RETURN.LOCAL-S-1-5-9","PrincipalType":"Group","RightName":"GetChanges","IsInherited":false},{"PrincipalSID":"RETURN.LOCAL-S-1-5-9","PrincipalType":"Group","RightName":"GetChangesInFilteredSet","IsInherited":false},{"PrincipalSID":"RETURN.LOCAL-S-1-5-32-544","PrincipalType":"Group","RightName":"GetChangesAll","IsInherited":false},{"PrincipalSID":"RETURN.LOCAL-S-1-5-32-544","PrincipalType":"Group","RightName":"GetChanges","IsInherited":false},{"PrincipalSID":"RETURN.LOCAL-S-1-5-32-544","PrincipalType":"Group","RightName":"GetChangesInFilteredSet","IsInherited":false},{"PrincipalSID":"S-1-5-21-3750359090-2939318659-876128439-498","PrincipalType":"Group","RightName":"GetChanges","IsInherited":false},{"PrincipalSID":"S-1-5-21-3750359090-2939318659-876128439-516","PrincipalType":"Group","RightName":"GetChangesAll","IsInherited":false}],"ObjectIdentifier":"S-1-5-21-3750359090-2939318659-876128439","IsDeleted":false,"IsACLProtected":false}],"meta":{"methods":29675,"type":"domains","count":1,"version":5}}