﻿{"data":[{"Properties":{"domain":"RETURN.LOCAL","name":"DEFAULT DOMAIN POLICY@RETURN.LOCAL","distinguishedname":"CN={31B2F340-016D-11D2-945F-00C04FB984F9},CN=POLICIES,CN=SYSTEM,DC=RETURN,DC=LOCAL","domainsid":"S-1-5-21-3750359090-2939318659-876128439","highvalue":false,"description":null,"whencreated":1621491958,"gpcpath":"\\\\RETURN.LOCAL\\SYSVOL\\RETURN.LOCAL\\POLICIES\\{31B2F340-016D-11D2-945F-00C04FB984F9}"},"Aces":[{"PrincipalSID":"S-1-5-21-3750359090-2939318659-876128439-512","PrincipalType":"Group","RightName":"Owns","IsInherited":false},{"PrincipalSID":"S-1-5-21-3750359090-2939318659-876128439-512","PrincipalType":"Group","RightName":"WriteDacl","IsInherited":false},{"PrincipalSID":"S-1-5-21-3750359090-2939318659-876128439-512","PrincipalType":"Group","RightName":"WriteOwner","IsInherited":false},{"PrincipalSID":"S-1-5-21-3750359090-2939318659-876128439-512","PrincipalType":"Group","RightName":"GenericWrite","IsInherited":false},{"PrincipalSID":"S-1-5-21-3750359090-2939318659-876128439-512","PrincipalType":"Group","RightName":"WriteDacl","IsInherited":false},{"PrincipalSID":"S-1-5-21-3750359090-2939318659-876128439-512","PrincipalType":"Group","RightName":"WriteOwner","IsInherited":false},{"PrincipalSID":"S-1-5-21-3750359090-2939318659-876128439-512","PrincipalType":"Group","RightName":"GenericWrite","IsInherited":false},{"PrincipalSID":"S-1-5-21-3750359090-2939318659-876128439-519","PrincipalType":"Group","RightName":"WriteDacl","IsInherited":false},{"PrincipalSID":"S-1-5-21-3750359090-2939318659-876128439-519","PrincipalType":"Group","RightName":"WriteOwner","IsInherited":false},{"PrincipalSID":"S-1-5-21-3750359090-2939318659-876128439-519","PrincipalType":"Group","RightName":"GenericWrite","IsInherited":false}],"ObjectIdentifier":"1D17A2B7-4E61-4D8E-AA6D-005D1A7BCF20","IsDeleted":false,"IsACLProtected":true},{"Properties":{"domain":"RETURN.LOCAL","name":"DEFAULT DOMAIN CONTROLLERS POLICY@RETURN.LOCAL","distinguishedname":"CN={6AC1786C-016F-11D2-945F-00C04FB984F9},CN=POLICIES,CN=SYSTEM,DC=RETURN,DC=LOCAL","domainsid":"S-1-5-21-3750359090-2939318659-876128439","highvalue":false,"description":null,"whencreated":1621491958,"gpcpath":"\\\\RETURN.LOCAL\\SYSVOL\\RETURN.LOCAL\\POLICIES\\{6AC1786C-016F-11D2-945F-00C04FB984F9}"},"Aces":[{"PrincipalSID":"S-1-5-21-3750359090-2939318659-876128439-512","PrincipalType":"Group","RightName":"Owns","IsInherited":false},{"PrincipalSID":"S-1-5-21-3750359090-2939318659-876128439-512","PrincipalType":"Group","RightName":"WriteDacl","IsInherited":false},{"PrincipalSID":"S-1-5-21-3750359090-2939318659-876128439-512","PrincipalType":"Group","RightName":"WriteOwner","IsInherited":false},{"PrincipalSID":"S-1-5-21-3750359090-2939318659-876128439-512","PrincipalType":"Group","RightName":"GenericWrite","IsInherited":false},{"PrincipalSID":"S-1-5-21-3750359090-2939318659-876128439-512","PrincipalType":"Group","RightName":"WriteDacl","IsInherited":false},{"PrincipalSID":"S-1-5-21-3750359090-2939318659-876128439-512","PrincipalType":"Group","RightName":"WriteOwner","IsInherited":false},{"PrincipalSID":"S-1-5-21-3750359090-2939318659-876128439-512","PrincipalType":"Group","RightName":"GenericWrite","IsInherited":false},{"PrincipalSID":"S-1-5-21-3750359090-2939318659-876128439-519","PrincipalType":"Group","RightName":"WriteDacl","IsInherited":false},{"PrincipalSID":"S-1-5-21-3750359090-2939318659-876128439-519","PrincipalType":"Group","RightName":"WriteOwner","IsInherited":false},{"PrincipalSID":"S-1-5-21-3750359090-2939318659-876128439-519","PrincipalType":"Group","RightName":"GenericWrite","IsInherited":false}],"ObjectIdentifier":"76345794-206B-44CB-B8C6-A6319299CA8A","IsDeleted":false,"IsACLProtected":true}],"meta":{"methods":29675,"type":"gpos","count":2,"version":5}}