﻿{"data":[{"Properties":{"domain":"RETURN.LOCAL","name":"ADMINSDHOLDER@RETURN.LOCAL","distinguishedname":"CN=ADMINSDHOLDER,CN=SYSTEM,DC=RETURN,DC=LOCAL","domainsid":"S-1-5-21-3750359090-2939318659-876128439","highvalue":false},"ChildObjects":[],"Aces":[{"PrincipalSID":"S-1-5-21-3750359090-2939318659-876128439-512","PrincipalType":"Group","RightName":"Owns","IsInherited":false},{"PrincipalSID":"RETURN.LOCAL-S-1-5-32-544","PrincipalType":"Group","RightName":"WriteDacl","IsInherited":false},{"PrincipalSID":"RETURN.LOCAL-S-1-5-32-544","PrincipalType":"Group","RightName":"WriteOwner","IsInherited":false},{"PrincipalSID":"S-1-5-21-3750359090-2939318659-876128439-512","PrincipalType":"Group","RightName":"WriteDacl","IsInherited":false},{"PrincipalSID":"S-1-5-21-3750359090-2939318659-876128439-512","PrincipalType":"Group","RightName":"WriteOwner","IsInherited":false},{"PrincipalSID":"S-1-5-21-3750359090-2939318659-876128439-519","PrincipalType":"Group","RightName":"WriteDacl","IsInherited":false},{"PrincipalSID":"S-1-5-21-3750359090-2939318659-876128439-519","PrincipalType":"Group","RightName":"WriteOwner","IsInherited":false}],"ObjectIdentifier":"32B4E94A-8E0A-4642-AC6F-A16CB0BEEE8D","IsDeleted":false,"IsACLProtected":true},{"Properties":{"domain":"RETURN.LOCAL","name":"WMIGPO@RETURN.LOCAL","distinguishedname":"CN=WMIGPO,CN=WMIPOLICY,CN=SYSTEM,DC=RETURN,DC=LOCAL","domainsid":"S-1-5-21-3750359090-2939318659-876128439","highvalue":false},"ChildObjects":[],"Aces":[{"PrincipalSID":"S-1-5-21-3750359090-2939318659-876128439-512","PrincipalType":"Group","RightName":"Owns","IsInherited":false},{"PrincipalSID":"S-1-5-21-3750359090-2939318659-876128439-512","PrincipalType":"Group","RightName":"WriteDacl","IsInherited":false},{"PrincipalSID":"S-1-5-21-3750359090-2939318659-876128439-512","PrincipalType":"Group","RightName":"WriteOwner","IsInherited":false},{"PrincipalSID":"S-1-5-21-3750359090-2939318659-876128439-519","PrincipalType":"Group","RightName":"GenericAll","IsInherited":true},{"PrincipalSID":"S-1-5-21-3750359090-2939318659-876128439-512","PrincipalType":"Group","RightName":"GenericAll","IsInherited":true}],"ObjectIdentifier":"BC79F5C2-DE2E-4E49-AF6F-789A32F8BA27","IsDeleted":false,"IsACLProtected":false},{"Properties":{"domain":"RETURN.LOCAL","name":"POLICYTEMPLATE@RETURN.LOCAL","distinguishedname":"CN=POLICYTEMPLATE,CN=WMIPOLICY,CN=SYSTEM,DC=RETURN,DC=LOCAL","domainsid":"S-1-5-21-3750359090-2939318659-876128439","highvalue":false},"ChildObjects":[],"Aces":[{"PrincipalSID":"S-1-5-21-3750359090-2939318659-876128439-512","PrincipalType":"Group","RightName":"Owns","IsInherited":false},{"PrincipalSID":"S-1-5-21-3750359090-2939318659-876128439-512","PrincipalType":"Group","RightName":"WriteDacl","IsInherited":false},{"PrincipalSID":"S-1-5-21-3750359090-2939318659-876128439-512","PrincipalType":"Group","RightName":"WriteOwner","IsInherited":false},{"PrincipalSID":"S-1-5-21-3750359090-2939318659-876128439-519","PrincipalType":"Group","RightName":"GenericAll","IsInherited":true},{"PrincipalSID":"S-1-5-21-3750359090-2939318659-876128439-512","PrincipalType":"Group","RightName":"GenericAll","IsInherited":true}],"ObjectIdentifier":"D2FAF23A-1EE4-4AC8-A7EF-A80DEC8F7810","IsDeleted":false,"IsACLProtected":false},{"Properties":{"domain":"RETURN.LOCAL","name":"WMIPOLICY@RETURN.LOCAL","distinguishedname":"CN=WMIPOLICY,CN=SYSTEM,DC=RETURN,DC=LOCAL","domainsid":"S-1-5-21-3750359090-2939318659-876128439","highvalue":false},"ChildObjects":[],"Aces":[{"PrincipalSID":"S-1-5-21-3750359090-2939318659-876128439-512","PrincipalType":"Group","RightName":"Owns","IsInherited":false},{"PrincipalSID":"S-1-5-21-3750359090-2939318659-876128439-512","PrincipalType":"Group","RightName":"GenericAll","IsInherited":false},{"PrincipalSID":"S-1-5-21-3750359090-2939318659-876128439-519","PrincipalType":"Group","RightName":"GenericAll","IsInherited":false}],"ObjectIdentifier":"3C5DE249-868E-47C0-80F7-57F6CC13A7D9","IsDeleted":false,"IsACLProtected":true},{"Properties":{"domain":"RETURN.LOCAL","name":"COMPUTERS@RETURN.LOCAL","distinguishedname":"CN=COMPUTERS,DC=RETURN,DC=LOCAL","domainsid":"S-1-5-21-3750359090-2939318659-876128439","highvalue":false},"ChildObjects":[],"Aces":[{"PrincipalSID":"S-1-5-21-3750359090-2939318659-876128439-512","PrincipalType":"Group","RightName":"Owns","IsInherited":false},{"PrincipalSID":"S-1-5-21-3750359090-2939318659-876128439-512","PrincipalType":"Group","RightName":"WriteDacl","IsInherited":false},{"PrincipalSID":"S-1-5-21-3750359090-2939318659-876128439-512","PrincipalType":"Group","RightName":"WriteOwner","IsInherited":false},{"PrincipalSID":"S-1-5-21-3750359090-2939318659-876128439-519","PrincipalType":"Group","RightName":"GenericAll","IsInherited":true},{"PrincipalSID":"RETURN.LOCAL-S-1-5-32-544","PrincipalType":"Group","RightName":"WriteDacl","IsInherited":true},{"PrincipalSID":"RETURN.LOCAL-S-1-5-32-544","PrincipalType":"Group","RightName":"WriteOwner","IsInherited":true}],"ObjectIdentifier":"F04724FD-6B14-4B84-B565-E23447249C23","IsDeleted":false,"IsACLProtected":false},{"Properties":{"domain":"RETURN.LOCAL","name":"SYSTEM@RETURN.LOCAL","distinguishedname":"CN=SYSTEM,DC=RETURN,DC=LOCAL","domainsid":"S-1-5-21-3750359090-2939318659-876128439","highvalue":false},"ChildObjects":[],"Aces":[{"PrincipalSID":"S-1-5-21-3750359090-2939318659-876128439-512","PrincipalType":"Group","RightName":"Owns","IsInherited":false},{"PrincipalSID":"S-1-5-21-3750359090-2939318659-876128439-512","PrincipalType":"Group","RightName":"WriteDacl","IsInherited":false},{"PrincipalSID":"S-1-5-21-3750359090-2939318659-876128439-512","PrincipalType":"Group","RightName":"WriteOwner","IsInherited":false},{"PrincipalSID":"S-1-5-21-3750359090-2939318659-876128439-519","PrincipalType":"Group","RightName":"GenericAll","IsInherited":true},{"PrincipalSID":"RETURN.LOCAL-S-1-5-32-544","PrincipalType":"Group","RightName":"WriteDacl","IsInherited":true},{"PrincipalSID":"RETURN.LOCAL-S-1-5-32-544","PrincipalType":"Group","RightName":"WriteOwner","IsInherited":true}],"ObjectIdentifier":"F0216D88-A829-4314-9F7B-EA2B3F4897BB","IsDeleted":false,"IsACLProtected":false},{"Properties":{"domain":"RETURN.LOCAL","name":"RAS AND IAS SERVERS ACCESS CHECK@RETURN.LOCAL","distinguishedname":"CN=RAS AND IAS SERVERS ACCESS CHECK,CN=SYSTEM,DC=RETURN,DC=LOCAL","domainsid":"S-1-5-21-3750359090-2939318659-876128439","highvalue":false},"ChildObjects":[],"Aces":[{"PrincipalSID":"S-1-5-21-3750359090-2939318659-876128439-512","PrincipalType":"Group","RightName":"Owns","IsInherited":false},{"PrincipalSID":"S-1-5-21-3750359090-2939318659-876128439-553","PrincipalType":"Group","RightName":"WriteDacl","IsInherited":false},{"PrincipalSID":"S-1-5-21-3750359090-2939318659-876128439-553","PrincipalType":"Group","RightName":"WriteOwner","IsInherited":false},{"PrincipalSID":"S-1-5-21-3750359090-2939318659-876128439-519","PrincipalType":"Group","RightName":"GenericAll","IsInherited":true},{"PrincipalSID":"RETURN.LOCAL-S-1-5-32-544","PrincipalType":"Group","RightName":"WriteDacl","IsInherited":true},{"PrincipalSID":"RETURN.LOCAL-S-1-5-32-544","PrincipalType":"Group","RightName":"WriteOwner","IsInherited":true}],"ObjectIdentifier":"6C6AA150-8C4D-47CE-B54D-A7F4459B243D","IsDeleted":false,"IsACLProtected":false},{"Properties":{"domain":"RETURN.LOCAL","name":"FOREIGNSECURITYPRINCIPALS@RETURN.LOCAL","distinguishedname":"CN=FOREIGNSECURITYPRINCIPALS,DC=RETURN,DC=LOCAL","domainsid":"S-1-5-21-3750359090-2939318659-876128439","highvalue":false},"ChildObjects":[],"Aces":[{"PrincipalSID":"S-1-5-21-3750359090-2939318659-876128439-512","PrincipalType":"Group","RightName":"Owns","IsInherited":false},{"PrincipalSID":"S-1-5-21-3750359090-2939318659-876128439-512","PrincipalType":"Group","RightName":"GenericAll","IsInherited":false},{"PrincipalSID":"S-1-5-21-3750359090-2939318659-876128439-519","PrincipalType":"Group","RightName":"GenericAll","IsInherited":true},{"PrincipalSID":"RETURN.LOCAL-S-1-5-32-544","PrincipalType":"Group","RightName":"WriteDacl","IsInherited":true},{"PrincipalSID":"RETURN.LOCAL-S-1-5-32-544","PrincipalType":"Group","RightName":"WriteOwner","IsInherited":true}],"ObjectIdentifier":"F2E677CF-3A59-4989-978A-EE3C566496B1","IsDeleted":false,"IsACLProtected":false},{"Properties":{"domain":"RETURN.LOCAL","name":"PROGRAM DATA@RETURN.LOCAL","distinguishedname":"CN=PROGRAM DATA,DC=RETURN,DC=LOCAL","domainsid":"S-1-5-21-3750359090-2939318659-876128439","highvalue":false},"ChildObjects":[],"Aces":[{"PrincipalSID":"S-1-5-21-3750359090-2939318659-876128439-512","PrincipalType":"Group","RightName":"Owns","IsInherited":false},{"PrincipalSID":"S-1-5-21-3750359090-2939318659-876128439-512","PrincipalType":"Group","RightName":"GenericAll","IsInherited":false},{"PrincipalSID":"S-1-5-21-3750359090-2939318659-876128439-519","PrincipalType":"Group","RightName":"GenericAll","IsInherited":true},{"PrincipalSID":"RETURN.LOCAL-S-1-5-32-544","PrincipalType":"Group","RightName":"WriteDacl","IsInherited":true},{"PrincipalSID":"RETURN.LOCAL-S-1-5-32-544","PrincipalType":"Group","RightName":"WriteOwner","IsInherited":true}],"ObjectIdentifier":"BDD73713-A887-4040-B2D0-121E90DADD6B","IsDeleted":false,"IsACLProtected":false},{"Properties":{"domain":"RETURN.LOCAL","name":"COMPARTITIONS@RETURN.LOCAL","distinguishedname":"CN=COMPARTITIONS,CN=SYSTEM,DC=RETURN,DC=LOCAL","domainsid":"S-1-5-21-3750359090-2939318659-876128439","highvalue":false},"ChildObjects":[],"Aces":[{"PrincipalSID":"S-1-5-21-3750359090-2939318659-876128439-512","PrincipalType":"Group","RightName":"Owns","IsInherited":false},{"PrincipalSID":"S-1-5-21-3750359090-2939318659-876128439-512","PrincipalType":"Group","RightName":"WriteDacl","IsInherited":false},{"PrincipalSID":"S-1-5-21-3750359090-2939318659-876128439-512","PrincipalType":"Group","RightName":"WriteOwner","IsInherited":false},{"PrincipalSID":"S-1-5-21-3750359090-2939318659-876128439-519","PrincipalType":"Group","RightName":"GenericAll","IsInherited":true},{"PrincipalSID":"RETURN.LOCAL-S-1-5-32-544","PrincipalType":"Group","RightName":"WriteDacl","IsInherited":true},{"PrincipalSID":"RETURN.LOCAL-S-1-5-32-544","PrincipalType":"Group","RightName":"WriteOwner","IsInherited":true}],"ObjectIdentifier":"67428AD4-D899-4AE0-9FDD-876E96820717","IsDeleted":false,"IsACLProtected":false},{"Properties":{"domain":"RETURN.LOCAL","name":"COMPARTITIONSETS@RETURN.LOCAL","distinguishedname":"CN=COMPARTITIONSETS,CN=SYSTEM,DC=RETURN,DC=LOCAL","domainsid":"S-1-5-21-3750359090-2939318659-876128439","highvalue":false},"ChildObjects":[],"Aces":[{"PrincipalSID":"S-1-5-21-3750359090-2939318659-876128439-512","PrincipalType":"Group","RightName":"Owns","IsInherited":false},{"PrincipalSID":"S-1-5-21-3750359090-2939318659-876128439-512","PrincipalType":"Group","RightName":"WriteDacl","IsInherited":false},{"PrincipalSID":"S-1-5-21-3750359090-2939318659-876128439-512","PrincipalType":"Group","RightName":"WriteOwner","IsInherited":false},{"PrincipalSID":"S-1-5-21-3750359090-2939318659-876128439-519","PrincipalType":"Group","RightName":"GenericAll","IsInherited":true},{"PrincipalSID":"RETURN.LOCAL-S-1-5-32-544","PrincipalType":"Group","RightName":"WriteDacl","IsInherited":true},{"PrincipalSID":"RETURN.LOCAL-S-1-5-32-544","PrincipalType":"Group","RightName":"WriteOwner","IsInherited":true}],"ObjectIdentifier":"9EAFAD0D-FA00-40A7-A483-85B9BCD6F36B","IsDeleted":false,"IsACLProtected":false},{"Properties":{"domain":"RETURN.LOCAL","name":"MANAGED SERVICE ACCOUNTS@RETURN.LOCAL","distinguishedname":"CN=MANAGED SERVICE ACCOUNTS,DC=RETURN,DC=LOCAL","domainsid":"S-1-5-21-3750359090-2939318659-876128439","highvalue":false},"ChildObjects":[],"Aces":[{"PrincipalSID":"S-1-5-21-3750359090-2939318659-876128439-512","PrincipalType":"Group","RightName":"Owns","IsInherited":false},{"PrincipalSID":"S-1-5-21-3750359090-2939318659-876128439-512","PrincipalType":"Group","RightName":"WriteDacl","IsInherited":false},{"PrincipalSID":"S-1-5-21-3750359090-2939318659-876128439-512","PrincipalType":"Group","RightName":"WriteOwner","IsInherited":false},{"PrincipalSID":"S-1-5-21-3750359090-2939318659-876128439-519","PrincipalType":"Group","RightName":"GenericAll","IsInherited":true},{"PrincipalSID":"RETURN.LOCAL-S-1-5-32-544","PrincipalType":"Group","RightName":"WriteDacl","IsInherited":true},{"PrincipalSID":"RETURN.LOCAL-S-1-5-32-544","PrincipalType":"Group","RightName":"WriteOwner","IsInherited":true}],"ObjectIdentifier":"F408057F-B95C-484E-9605-15F8497F4D11","IsDeleted":false,"IsACLProtected":false},{"Properties":{"domain":"RETURN.LOCAL","name":"PSPS@RETURN.LOCAL","distinguishedname":"CN=PSPS,CN=SYSTEM,DC=RETURN,DC=LOCAL","domainsid":"S-1-5-21-3750359090-2939318659-876128439","highvalue":false},"ChildObjects":[],"Aces":[{"PrincipalSID":"S-1-5-21-3750359090-2939318659-876128439-512","PrincipalType":"Group","RightName":"Owns","IsInherited":false},{"PrincipalSID":"S-1-5-21-3750359090-2939318659-876128439-512","PrincipalType":"Group","RightName":"GenericAll","IsInherited":false},{"PrincipalSID":"S-1-5-21-3750359090-2939318659-876128439-519","PrincipalType":"Group","RightName":"GenericAll","IsInherited":true},{"PrincipalSID":"RETURN.LOCAL-S-1-5-32-544","PrincipalType":"Group","RightName":"WriteDacl","IsInherited":true},{"PrincipalSID":"RETURN.LOCAL-S-1-5-32-544","PrincipalType":"Group","RightName":"WriteOwner","IsInherited":true}],"ObjectIdentifier":"19D07BE4-39E8-4FDA-A1C9-75E3B66081C9","IsDeleted":false,"IsACLProtected":false},{"Properties":{"domain":"RETURN.LOCAL","name":"POLICIES@RETURN.LOCAL","distinguishedname":"CN=POLICIES,CN=SYSTEM,DC=RETURN,DC=LOCAL","domainsid":"S-1-5-21-3750359090-2939318659-876128439","highvalue":false},"ChildObjects":[],"Aces":[{"PrincipalSID":"S-1-5-21-3750359090-2939318659-876128439-512","PrincipalType":"Group","RightName":"Owns","IsInherited":false},{"PrincipalSID":"S-1-5-21-3750359090-2939318659-876128439-512","PrincipalType":"Group","RightName":"WriteDacl","IsInherited":false},{"PrincipalSID":"S-1-5-21-3750359090-2939318659-876128439-512","PrincipalType":"Group","RightName":"WriteOwner","IsInherited":false},{"PrincipalSID":"S-1-5-21-3750359090-2939318659-876128439-519","PrincipalType":"Group","RightName":"GenericAll","IsInherited":true},{"PrincipalSID":"RETURN.LOCAL-S-1-5-32-544","PrincipalType":"Group","RightName":"WriteDacl","IsInherited":true},{"PrincipalSID":"RETURN.LOCAL-S-1-5-32-544","PrincipalType":"Group","RightName":"WriteOwner","IsInherited":true}],"ObjectIdentifier":"B5640E4D-7820-4323-961C-F2E20849DDC9","IsDeleted":false,"IsACLProtected":false},{"Properties":{"domain":"RETURN.LOCAL","name":"WINSOCKSERVICES@RETURN.LOCAL","distinguishedname":"CN=WINSOCKSERVICES,CN=SYSTEM,DC=RETURN,DC=LOCAL","domainsid":"S-1-5-21-3750359090-2939318659-876128439","highvalue":false},"ChildObjects":[],"Aces":[{"PrincipalSID":"S-1-5-21-3750359090-2939318659-876128439-512","PrincipalType":"Group","RightName":"Owns","IsInherited":false},{"PrincipalSID":"S-1-5-21-3750359090-2939318659-876128439-512","PrincipalType":"Group","RightName":"WriteDacl","IsInherited":false},{"PrincipalSID":"S-1-5-21-3750359090-2939318659-876128439-512","PrincipalType":"Group","RightName":"WriteOwner","IsInherited":false},{"PrincipalSID":"S-1-5-21-3750359090-2939318659-876128439-519","PrincipalType":"Group","RightName":"GenericAll","IsInherited":true},{"PrincipalSID":"RETURN.LOCAL-S-1-5-32-544","PrincipalType":"Group","RightName":"WriteDacl","IsInherited":true},{"PrincipalSID":"RETURN.LOCAL-S-1-5-32-544","PrincipalType":"Group","RightName":"WriteOwner","IsInherited":true}],"ObjectIdentifier":"975569AA-DFB0-4DAC-B306-87B148F3EC4C","IsDeleted":false,"IsACLProtected":false},{"Properties":{"domain":"RETURN.LOCAL","name":"RPCSERVICES@RETURN.LOCAL","distinguishedname":"CN=RPCSERVICES,CN=SYSTEM,DC=RETURN,DC=LOCAL","domainsid":"S-1-5-21-3750359090-2939318659-876128439","highvalue":false},"ChildObjects":[],"Aces":[{"PrincipalSID":"S-1-5-21-3750359090-2939318659-876128439-512","PrincipalType":"Group","RightName":"Owns","IsInherited":false},{"PrincipalSID":"S-1-5-21-3750359090-2939318659-876128439-512","PrincipalType":"Group","RightName":"WriteDacl","IsInherited":false},{"PrincipalSID":"S-1-5-21-3750359090-2939318659-876128439-512","PrincipalType":"Group","RightName":"WriteOwner","IsInherited":false},{"PrincipalSID":"S-1-5-21-3750359090-2939318659-876128439-519","PrincipalType":"Group","RightName":"GenericAll","IsInherited":true},{"PrincipalSID":"RETURN.LOCAL-S-1-5-32-544","PrincipalType":"Group","RightName":"WriteDacl","IsInherited":true},{"PrincipalSID":"RETURN.LOCAL-S-1-5-32-544","PrincipalType":"Group","RightName":"WriteOwner","IsInherited":true}],"ObjectIdentifier":"8681D433-6455-4D98-BBE9-5D01FECE0063","IsDeleted":false,"IsACLProtected":false},{"Properties":{"domain":"RETURN.LOCAL","name":"MEETINGS@RETURN.LOCAL","distinguishedname":"CN=MEETINGS,CN=SYSTEM,DC=RETURN,DC=LOCAL","domainsid":"S-1-5-21-3750359090-2939318659-876128439","highvalue":false},"ChildObjects":[],"Aces":[{"PrincipalSID":"S-1-5-21-3750359090-2939318659-876128439-512","PrincipalType":"Group","RightName":"Owns","IsInherited":false},{"PrincipalSID":"S-1-5-21-3750359090-2939318659-876128439-512","PrincipalType":"Group","RightName":"WriteDacl","IsInherited":false},{"PrincipalSID":"S-1-5-21-3750359090-2939318659-876128439-512","PrincipalType":"Group","RightName":"WriteOwner","IsInherited":false},{"PrincipalSID":"S-1-5-21-3750359090-2939318659-876128439-519","PrincipalType":"Group","RightName":"GenericAll","IsInherited":true},{"PrincipalSID":"RETURN.LOCAL-S-1-5-32-544","PrincipalType":"Group","RightName":"WriteDacl","IsInherited":true},{"PrincipalSID":"RETURN.LOCAL-S-1-5-32-544","PrincipalType":"Group","RightName":"WriteOwner","IsInherited":true}],"ObjectIdentifier":"9C175463-E87C-4F0F-B7B1-D0C35ACC2DB5","IsDeleted":false,"IsACLProtected":false},{"Properties":{"domain":"RETURN.LOCAL","name":"SOM@RETURN.LOCAL","distinguishedname":"CN=SOM,CN=WMIPOLICY,CN=SYSTEM,DC=RETURN,DC=LOCAL","domainsid":"S-1-5-21-3750359090-2939318659-876128439","highvalue":false},"ChildObjects":[],"Aces":[{"PrincipalSID":"S-1-5-21-3750359090-2939318659-876128439-512","PrincipalType":"Group","RightName":"Owns","IsInherited":false},{"PrincipalSID":"S-1-5-21-3750359090-2939318659-876128439-512","PrincipalType":"Group","RightName":"GenericAll","IsInherited":false},{"PrincipalSID":"S-1-5-21-3750359090-2939318659-876128439-519","PrincipalType":"Group","RightName":"GenericAll","IsInherited":false}],"ObjectIdentifier":"108216D6-BEA4-46FC-A0F4-A70953EFAC78","IsDeleted":false,"IsACLProtected":true},{"Properties":{"domain":"RETURN.LOCAL","name":"POLICYTYPE@RETURN.LOCAL","distinguishedname":"CN=POLICYTYPE,CN=WMIPOLICY,CN=SYSTEM,DC=RETURN,DC=LOCAL","domainsid":"S-1-5-21-3750359090-2939318659-876128439","highvalue":false},"ChildObjects":[],"Aces":[{"PrincipalSID":"S-1-5-21-3750359090-2939318659-876128439-512","PrincipalType":"Group","RightName":"Owns","IsInherited":false},{"PrincipalSID":"S-1-5-21-3750359090-2939318659-876128439-512","PrincipalType":"Group","RightName":"WriteDacl","IsInherited":false},{"PrincipalSID":"S-1-5-21-3750359090-2939318659-876128439-512","PrincipalType":"Group","RightName":"WriteOwner","IsInherited":false},{"PrincipalSID":"S-1-5-21-3750359090-2939318659-876128439-519","PrincipalType":"Group","RightName":"GenericAll","IsInherited":true},{"PrincipalSID":"S-1-5-21-3750359090-2939318659-876128439-512","PrincipalType":"Group","RightName":"GenericAll","IsInherited":true}],"ObjectIdentifier":"5E4D2951-D208-4E6C-9EDC-E0B0802879A5","IsDeleted":false,"IsACLProtected":false},{"Properties":{"domain":"RETURN.LOCAL","name":"MICROSOFT@RETURN.LOCAL","distinguishedname":"CN=MICROSOFT,CN=PROGRAM DATA,DC=RETURN,DC=LOCAL","domainsid":"S-1-5-21-3750359090-2939318659-876128439","highvalue":false},"ChildObjects":[],"Aces":[{"PrincipalSID":"S-1-5-21-3750359090-2939318659-876128439-512","PrincipalType":"Group","RightName":"Owns","IsInherited":false},{"PrincipalSID":"S-1-5-21-3750359090-2939318659-876128439-512","PrincipalType":"Group","RightName":"GenericAll","IsInherited":false},{"PrincipalSID":"S-1-5-21-3750359090-2939318659-876128439-519","PrincipalType":"Group","RightName":"GenericAll","IsInherited":true},{"PrincipalSID":"RETURN.LOCAL-S-1-5-32-544","PrincipalType":"Group","RightName":"WriteDacl","IsInherited":true},{"PrincipalSID":"RETURN.LOCAL-S-1-5-32-544","PrincipalType":"Group","RightName":"WriteOwner","IsInherited":true}],"ObjectIdentifier":"BD38B7D8-1057-484E-90DD-262AC792EC08","IsDeleted":false,"IsACLProtected":false},{"Properties":{"domain":"RETURN.LOCAL","name":"USERS@RETURN.LOCAL","distinguishedname":"CN=USERS,DC=RETURN,DC=LOCAL","domainsid":"S-1-5-21-3750359090-2939318659-876128439","highvalue":false},"ChildObjects":[{"ObjectIdentifier":"S-1-5-21-3750359090-2939318659-876128439-500","ObjectType":"User"},{"ObjectIdentifier":"S-1-5-21-3750359090-2939318659-876128439-571","ObjectType":"Group"},{"ObjectIdentifier":"S-1-5-21-3750359090-2939318659-876128439-517","ObjectType":"Group"},{"ObjectIdentifier":"S-1-5-21-3750359090-2939318659-876128439-522","ObjectType":"Group"},{"ObjectIdentifier":"S-1-5-21-3750359090-2939318659-876128439-572","ObjectType":"Group"},{"ObjectIdentifier":"S-1-5-21-3750359090-2939318659-876128439-1101","ObjectType":"Group"},{"ObjectIdentifier":"S-1-5-21-3750359090-2939318659-876128439-1102","ObjectType":"Group"},{"ObjectIdentifier":"S-1-5-21-3750359090-2939318659-876128439-512","ObjectType":"Group"},{"ObjectIdentifier":"S-1-5-21-3750359090-2939318659-876128439-515","ObjectType":"Group"},{"ObjectIdentifier":"S-1-5-21-3750359090-2939318659-876128439-516","ObjectType":"Group"},{"ObjectIdentifier":"S-1-5-21-3750359090-2939318659-876128439-514","ObjectType":"Group"},{"ObjectIdentifier":"S-1-5-21-3750359090-2939318659-876128439-513","ObjectType":"Group"},{"ObjectIdentifier":"S-1-5-21-3750359090-2939318659-876128439-519","ObjectType":"Group"},{"ObjectIdentifier":"S-1-5-21-3750359090-2939318659-876128439-527","ObjectType":"Group"},{"ObjectIdentifier":"S-1-5-21-3750359090-2939318659-876128439-498","ObjectType":"Group"},{"ObjectIdentifier":"S-1-5-21-3750359090-2939318659-876128439-520","ObjectType":"Group"},{"ObjectIdentifier":"S-1-5-21-3750359090-2939318659-876128439-501","ObjectType":"User"},{"ObjectIdentifier":"S-1-5-21-3750359090-2939318659-876128439-526","ObjectType":"Group"},{"ObjectIdentifier":"S-1-5-21-3750359090-2939318659-876128439-502","ObjectType":"User"},{"ObjectIdentifier":"S-1-5-21-3750359090-2939318659-876128439-525","ObjectType":"Group"},{"ObjectIdentifier":"S-1-5-21-3750359090-2939318659-876128439-553","ObjectType":"Group"},{"ObjectIdentifier":"S-1-5-21-3750359090-2939318659-876128439-521","ObjectType":"Group"},{"ObjectIdentifier":"S-1-5-21-3750359090-2939318659-876128439-518","ObjectType":"Group"},{"ObjectIdentifier":"S-1-5-21-3750359090-2939318659-876128439-1103","ObjectType":"User"}],"Aces":[{"PrincipalSID":"S-1-5-21-3750359090-2939318659-876128439-512","PrincipalType":"Group","RightName":"Owns","IsInherited":false},{"PrincipalSID":"S-1-5-21-3750359090-2939318659-876128439-512","PrincipalType":"Group","RightName":"WriteDacl","IsInherited":false},{"PrincipalSID":"S-1-5-21-3750359090-2939318659-876128439-512","PrincipalType":"Group","RightName":"WriteOwner","IsInherited":false},{"PrincipalSID":"S-1-5-21-3750359090-2939318659-876128439-519","PrincipalType":"Group","RightName":"GenericAll","IsInherited":true},{"PrincipalSID":"RETURN.LOCAL-S-1-5-32-544","PrincipalType":"Group","RightName":"WriteDacl","IsInherited":true},{"PrincipalSID":"RETURN.LOCAL-S-1-5-32-544","PrincipalType":"Group","RightName":"WriteOwner","IsInherited":true}],"ObjectIdentifier":"452C6F78-1B09-4B17-AE83-59D2CAC99273","IsDeleted":false,"IsACLProtected":false}],"meta":{"methods":29675,"type":"containers","count":21,"version":5}}